,AA,AAPL,GE,IBM,JNJ,MSFT,PEP,SPX,XOM
2007-10-29 00:00:00,37.41,185.09,34.46,106.78,57.13,31.78,65.67,1540.98,85.51
2007-10-30 00:00:00,36.43,187.0,34.39,106.15,56.99,32.7,65.8,1531.02,83.25
2007-10-31 00:00:00,36.79,189.95,34.97,108.01,57.3,33.84,65.69,1549.38,84.03
2007-11-01 00:00:00,35.22,187.44,34.27,105.72,56.85,34.07,64.51,1508.44,80.84
2007-11-02 00:00:00,35.83,187.87,34.27,106.59,56.95,34.07,65.03,1509.65,80.32
2007-11-05 00:00:00,35.22,186.18,34.15,105.48,56.7,33.77,64.84,1502.17,80.07
2007-11-06 00:00:00,35.84,191.79,34.14,105.27,56.8,33.47,65.49,1520.27,82.56
2007-11-07 00:00:00,34.76,186.3,33.2,103.69,56.19,32.65,64.46,1475.62,79.96
2007-11-08 00:00:00,35.0,175.47,33.15,99.05,56.79,31.94,65.5,1474.77,82.0
2007-11-09 00:00:00,34.47,165.37,32.61,93.58,57.29,31.01,65.48,1453.7,79.64
2007-11-12 00:00:00,33.33,153.76,32.5,94.7,58.3,30.69,64.67,1439.18,77.52
2007-11-13 00:00:00,34.04,169.96,33.31,98.27,59.18,31.79,65.35,1481.05,79.67
2007-11-14 00:00:00,34.25,166.11,33.14,96.56,58.81,31.3,65.99,1470.58,79.15
2007-11-15 00:00:00,33.76,164.3,32.55,96.71,58.8,31.14,65.57,1451.15,77.48
2007-11-16 00:00:00,33.74,166.39,32.84,97.82,59.56,31.44,66.08,1458.74,78.04
2007-11-19 00:00:00,32.59,163.95,32.42,95.42,59.42,31.32,66.9,1433.27,77.13
2007-11-20 00:00:00,32.88,168.85,32.32,96.54,59.47,31.9,66.69,1439.7,80.53
2007-11-21 00:00:00,32.68,168.46,31.58,95.42,59.03,31.57,66.87,1416.77,79.82
2007-11-23 00:00:00,32.66,171.54,32.01,97.13,59.16,31.46,67.29,1440.7,80.96
2007-11-26 00:00:00,32.41,172.54,31.21,95.19,59.6,30.41,66.56,1407.22,78.57
2007-11-27 00:00:00,32.56,174.81,31.82,96.92,59.92,30.49,67.65,1428.23,79.21
2007-11-28 00:00:00,33.65,180.22,32.68,100.23,60.46,31.08,68.76,1469.02,80.62
2007-11-29 00:00:00,33.97,184.29,32.4,100.35,60.51,30.98,68.2,1469.72,81.24
2007-11-30 00:00:00,33.8,182.22,32.53,98.18,59.93,30.99,68.78,1481.14,81.76
2007-12-03 00:00:00,32.98,178.86,31.38,98.79,59.9,30.36,68.24,1472.42,81.48
2007-12-04 00:00:00,32.76,179.81,30.8,99.54,60.1,30.23,68.3,1462.79,80.81
2007-12-05 00:00:00,33.09,185.5,31.19,100.97,60.34,31.5,68.3,1485.01,82.46
2007-12-06 00:00:00,33.32,189.95,31.66,102.4,60.42,31.87,68.98,1507.34,83.85
2007-12-07 00:00:00,34.3,194.3,31.63,101.62,59.87,31.85,68.95,1504.66,83.91
2007-12-10 00:00:00,35.17,194.21,31.78,102.11,59.97,32.06,69.2,1515.96,84.39
2007-12-11 00:00:00,33.58,188.54,31.46,99.87,59.76,31.45,68.49,1477.65,82.79
2007-12-12 00:00:00,34.27,190.86,31.65,101.25,59.89,31.79,69.93,1486.59,84.29
2007-12-13 00:00:00,33.76,191.83,31.93,100.98,60.04,32.49,70.47,1488.41,85.03
2007-12-14 00:00:00,32.7,190.39,31.36,98.73,59.79,32.57,70.26,1467.95,83.61
2007-12-17 00:00:00,31.5,184.4,30.99,97.58,59.76,31.72,69.28,1445.9,82.43
2007-12-18 00:00:00,31.97,182.98,31.27,99.24,59.9,32.04,68.97,1454.98,83.83
2007-12-19 00:00:00,32.05,183.12,31.07,100.01,59.55,32.09,68.76,1453.0,83.84
2007-12-20 00:00:00,32.89,187.21,31.29,101.6,59.56,32.76,68.5,1460.12,84.48
2007-12-21 00:00:00,33.78,193.91,31.82,103.66,60.18,33.26,69.27,1484.46,85.68
2007-12-24 00:00:00,34.39,198.8,32.16,104.22,60.04,33.74,69.59,1496.45,85.89
2007-12-26 00:00:00,34.76,198.95,32.18,104.14,59.77,33.77,69.2,1497.66,86.94
2007-12-27 00:00:00,34.37,198.57,31.87,102.31,59.56,33.18,68.68,1476.27,85.9
2007-12-28 00:00:00,34.25,199.83,32.0,102.77,59.61,33.32,68.98,1478.49,87.12
2007-12-31 00:00:00,33.97,198.08,31.76,100.91,59.01,32.84,67.97,1468.36,85.91
2008-01-02 00:00:00,33.58,194.84,31.5,97.73,58.31,32.49,67.42,1447.16,85.75
2008-01-03 00:00:00,33.63,194.93,31.53,97.92,58.32,32.62,67.86,1447.16,86.04
2008-01-04 00:00:00,32.4,180.05,30.88,94.4,58.24,31.71,67.65,1411.63,84.44
2008-01-07 00:00:00,30.77,177.64,31.0,93.39,59.15,31.92,69.24,1416.18,83.65
2008-01-08 00:00:00,28.81,171.25,30.33,91.1,59.22,30.85,69.79,1390.19,82.58
2008-01-09 00:00:00,29.04,179.4,30.68,91.77,59.98,31.77,70.51,1409.13,83.96
2008-01-10 00:00:00,29.22,178.02,30.78,93.27,60.08,31.67,71.25,1420.33,84.05
2008-01-11 00:00:00,29.49,172.69,30.14,91.17,60.05,31.28,69.65,1401.02,82.81
2008-01-14 00:00:00,30.57,178.78,30.39,96.08,60.11,31.72,68.88,1416.25,83.29
2008-01-15 00:00:00,28.98,169.04,29.59,95.06,59.94,31.36,67.01,1380.95,81.63
2008-01-16 00:00:00,28.46,159.64,29.61,94.87,60.43,30.65,65.85,1373.2,79.35
2008-01-17 00:00:00,26.75,160.89,28.46,94.37,60.0,30.54,64.56,1333.25,76.95
2008-01-18 00:00:00,27.04,161.36,29.4,96.52,58.64,30.45,63.99,1325.19,78.02
2008-01-22 00:00:00,26.75,155.64,29.18,94.49,57.74,29.48,62.18,1310.5,75.61
2008-01-23 00:00:00,27.13,139.07,29.64,99.04,56.79,29.45,63.13,1338.6,76.52
2008-01-24 00:00:00,28.63,135.6,29.69,99.8,56.18,30.67,62.44,1352.07,78.86
2008-01-25 00:00:00,28.52,130.01,29.13,97.57,55.25,30.38,61.72,1330.61,76.97
2008-01-28 00:00:00,29.24,130.01,29.75,98.0,55.79,30.18,62.93,1353.96,78.07
2008-01-29 00:00:00,30.35,131.54,29.79,99.04,55.71,30.07,61.46,1362.3,78.02
2008-01-30 00:00:00,30.39,132.18,29.94,98.62,55.01,29.7,60.35,1355.81,78.2
2008-01-31 00:00:00,30.75,135.36,30.3,99.99,55.86,30.07,60.94,1378.55,78.59
2008-02-01 00:00:00,31.86,133.75,30.99,101.82,56.05,28.09,61.64,1395.42,78.82
2008-02-04 00:00:00,31.67,131.65,30.31,100.75,56.15,27.85,61.99,1380.82,78.35
2008-02-05 00:00:00,30.36,129.36,29.31,98.03,55.62,26.81,60.85,1336.64,75.3
2008-02-06 00:00:00,30.28,122.0,29.31,97.07,55.78,26.31,59.76,1326.45,74.68
2008-02-07 00:00:00,30.62,121.24,29.33,95.9,55.56,25.94,63.05,1336.91,75.42
2008-02-08 00:00:00,31.54,125.48,29.0,96.77,54.87,26.34,62.51,1331.29,75.25
2008-02-11 00:00:00,31.82,129.45,29.14,98.52,54.74,26.02,63.54,1339.13,76.64
2008-02-12 00:00:00,31.28,124.86,29.45,99.82,55.71,26.14,64.44,1348.86,77.71
2008-02-13 00:00:00,33.17,129.4,29.97,101.59,56.09,26.71,64.14,1367.21,78.73
2008-02-14 00:00:00,33.03,127.46,29.47,99.45,55.55,26.29,64.09,1348.86,78.79
2008-02-15 00:00:00,33.37,124.63,29.45,99.48,55.64,26.21,64.23,1349.99,78.62
2008-02-19 00:00:00,33.82,122.18,29.37,98.39,56.32,26.08,63.7,1348.78,80.13
2008-02-20 00:00:00,34.4,123.82,29.44,101.06,55.94,26.13,63.69,1360.03,81.14
2008-02-21 00:00:00,33.91,121.54,29.13,100.2,55.71,26.02,63.65,1342.53,80.05
2008-02-22 00:00:00,34.14,119.46,29.01,101.27,56.26,25.63,63.92,1353.11,80.28
2008-02-25 00:00:00,36.29,119.74,29.58,103.15,56.86,25.78,64.11,1371.8,82.09
2008-02-26 00:00:00,35.96,119.15,29.35,107.18,56.74,26.28,63.87,1381.29,82.79
2008-02-27 00:00:00,36.45,122.96,29.42,109.13,56.14,26.17,63.76,1380.02,82.33
2008-02-28 00:00:00,36.54,129.91,29.27,107.99,55.84,25.86,63.63,1367.68,82.32
2008-02-29 00:00:00,34.69,125.02,28.66,106.69,55.18,25.19,62.29,1330.63,80.13
2008-03-03 00:00:00,35.8,121.73,28.88,107.04,55.42,24.99,62.84,1331.34,80.82
2008-03-04 00:00:00,35.5,124.62,28.98,108.43,55.78,25.55,62.72,1326.75,79.84
2008-03-05 00:00:00,36.16,124.49,29.11,108.13,56.22,26.04,63.27,1333.7,80.3
2008-03-06 00:00:00,35.84,120.93,28.41,105.44,55.77,25.53,63.13,1304.34,77.83
2008-03-07 00:00:00,34.19,122.25,27.87,106.77,54.77,25.81,62.65,1293.37,75.97
2008-03-10 00:00:00,33.29,119.69,27.41,106.83,54.61,25.97,62.14,1273.37,75.94
2008-03-11 00:00:00,35.27,127.35,28.88,109.16,55.6,27.11,62.98,1320.65,79.83
2008-03-12 00:00:00,35.3,126.03,29.36,109.7,55.7,26.51,62.63,1308.77,79.18
2008-03-13 00:00:00,35.94,127.94,29.62,108.61,55.93,26.5,62.34,1315.48,80.17
2008-03-14 00:00:00,35.86,126.61,29.24,107.98,55.79,25.89,61.63,1288.14,79.12
2008-03-17 00:00:00,34.66,126.73,29.68,108.28,57.03,26.2,62.26,1276.6,79.01
2008-03-18 00:00:00,36.06,132.82,31.25,110.96,58.16,27.24,63.04,1330.74,81.48
2008-03-19 00:00:00,33.27,129.67,30.77,109.58,57.78,26.5,63.18,1298.42,77.76
2008-03-20 00:00:00,32.4,133.27,32.42,110.88,58.22,27.02,64.09,1329.51,78.28
2008-03-24 00:00:00,32.73,139.53,32.34,111.57,57.78,27.01,64.33,1349.88,79.16
2008-03-25 00:00:00,33.39,140.98,32.23,110.54,57.48,26.98,64.41,1352.99,78.47
2008-03-26 00:00:00,33.66,145.06,32.11,109.55,57.62,26.45,64.07,1341.13,79.44
2008-03-27 00:00:00,33.05,140.25,31.85,108.25,57.54,25.97,64.09,1325.76,79.39
2008-03-28 00:00:00,33.73,143.01,31.66,107.36,57.15,25.84,64.43,1315.22,78.49
2008-03-31 00:00:00,33.69,143.5,32.0,107.89,57.77,26.28,65.0,1322.7,77.9
2008-04-01 00:00:00,34.13,149.53,33.23,109.16,58.66,27.32,64.94,1370.18,80.14
2008-04-02 00:00:00,34.03,147.49,32.88,107.58,58.16,27.0,64.3,1367.53,81.52
2008-04-03 00:00:00,36.0,151.61,32.72,108.72,58.12,26.85,64.28,1369.31,81.26
2008-04-04 00:00:00,36.43,153.08,32.48,108.47,58.53,27.0,64.4,1370.4,81.73
2008-04-07 00:00:00,34.97,155.89,32.22,108.99,58.9,27.0,64.7,1372.54,81.89
2008-04-08 00:00:00,34.73,152.84,31.95,108.95,59.06,26.62,64.17,1365.54,82.53
2008-04-09 00:00:00,34.41,151.44,31.51,109.42,59.03,26.75,63.89,1354.49,82.61
2008-04-10 00:00:00,33.73,154.55,31.78,111.3,59.07,26.95,64.55,1360.55,82.47
2008-04-11 00:00:00,32.84,147.14,27.71,108.7,58.77,26.19,64.28,1332.83,81.62
2008-04-14 00:00:00,31.7,147.78,27.45,109.9,58.54,25.98,63.88,1328.32,82.61
2008-04-15 00:00:00,32.55,148.38,27.65,109.79,58.46,26.16,64.12,1334.43,83.62
2008-04-16 00:00:00,33.6,153.7,27.87,112.89,58.51,26.81,64.02,1364.71,85.55
2008-04-17 00:00:00,33.23,154.49,27.69,115.33,58.56,27.06,63.71,1365.56,86.0
2008-04-18 00:00:00,33.87,161.04,28.27,116.57,59.23,27.78,63.56,1390.33,86.57
2008-04-21 00:00:00,33.86,168.16,28.07,116.52,59.06,28.17,62.93,1388.17,86.81
2008-04-22 00:00:00,33.35,160.2,27.96,115.88,59.65,28.01,62.21,1375.94,86.93
2008-04-23 00:00:00,33.0,162.89,27.98,115.82,59.9,29.12,62.29,1379.93,86.77
2008-04-24 00:00:00,32.56,168.94,28.37,116.37,59.99,29.45,61.22,1388.82,85.28
2008-04-25 00:00:00,33.37,169.73,28.82,115.33,59.94,27.62,60.88,1397.84,85.15
2008-04-28 00:00:00,33.39,172.24,28.68,114.03,59.95,26.84,61.36,1396.37,85.14
2008-04-29 00:00:00,32.37,175.05,28.38,115.12,59.83,26.52,61.4,1390.94,84.54
2008-04-30 00:00:00,32.65,173.95,28.28,113.1,59.74,26.41,61.7,1385.59,85.71
2008-05-01 00:00:00,32.59,180.0,28.64,115.83,60.38,27.22,61.67,1409.34,82.61
2008-05-02 00:00:00,33.9,180.94,28.83,115.43,60.79,27.08,62.21,1413.9,82.53
2008-05-05 00:00:00,34.63,184.73,28.69,114.35,60.46,26.93,61.73,1407.49,82.44
2008-05-06 00:00:00,35.67,186.66,28.53,115.09,60.18,27.5,61.73,1418.26,82.95
2008-05-07 00:00:00,35.76,182.59,28.16,116.8,59.58,27.05,61.23,1392.57,81.8
2008-05-08 00:00:00,37.22,185.06,28.18,117.53,59.57,27.1,60.81,1397.68,82.82
2008-05-09 00:00:00,36.65,183.45,27.9,116.73,59.26,27.21,60.78,1388.28,82.17
2008-05-12 00:00:00,39.06,188.16,28.02,117.84,59.41,27.77,60.64,1403.58,82.51
2008-05-13 00:00:00,39.54,189.96,27.96,119.1,59.14,27.68,60.55,1403.04,82.96
2008-05-14 00:00:00,39.43,186.26,28.11,119.98,59.49,27.82,60.41,1408.66,83.17
2008-05-15 00:00:00,40.12,189.73,27.99,120.87,59.38,28.3,61.28,1423.57,84.46
2008-05-16 00:00:00,40.51,187.62,27.78,120.26,59.38,27.87,61.1,1425.35,85.73
2008-05-19 00:00:00,41.86,183.6,28.02,119.01,59.33,27.38,61.25,1426.63,87.29
2008-05-20 00:00:00,40.58,185.9,27.43,117.78,58.91,26.73,60.73,1413.4,87.48
2008-05-21 00:00:00,39.15,178.19,26.8,116.31,58.53,26.25,60.56,1390.71,86.65
2008-05-22 00:00:00,38.3,177.05,26.81,117.33,58.66,26.46,61.56,1394.35,85.58
2008-05-23 00:00:00,37.79,181.17,26.31,116.86,58.22,26.07,61.45,1375.93,83.91
2008-05-27 00:00:00,37.91,186.43,26.29,119.79,58.42,26.43,62.13,1385.35,83.07
2008-05-28 00:00:00,39.02,187.01,26.42,121.88,58.18,26.19,61.16,1390.84,83.66
2008-05-29 00:00:00,37.87,186.69,26.49,122.04,59.56,26.31,61.97,1398.26,82.66
2008-05-30 00:00:00,38.1,188.75,26.56,121.78,59.85,26.32,61.49,1400.38,82.11
2008-06-02 00:00:00,38.14,186.1,26.3,119.83,59.64,25.84,60.82,1385.67,81.23
2008-06-03 00:00:00,37.17,185.37,26.34,120.28,59.87,25.38,60.37,1377.65,79.29
2008-06-04 00:00:00,36.52,185.19,26.33,120.01,59.68,25.59,60.41,1377.2,79.33
2008-06-05 00:00:00,37.63,189.43,26.86,120.87,60.05,26.3,60.97,1404.05,82.62
2008-06-06 00:00:00,36.82,185.64,25.96,117.55,58.97,25.55,59.36,1360.68,80.29
2008-06-09 00:00:00,39.59,181.61,25.99,118.42,58.86,25.75,59.23,1361.76,82.4
2008-06-10 00:00:00,40.1,185.64,26.23,118.49,58.85,25.92,61.23,1358.44,81.31
2008-06-11 00:00:00,36.91,180.81,25.79,115.96,58.47,25.2,61.15,1335.49,81.97
2008-06-12 00:00:00,35.43,173.26,25.12,116.53,58.91,26.25,61.57,1339.87,80.54
2008-06-13 00:00:00,37.04,172.37,25.21,118.69,59.43,27.02,61.19,1360.03,81.74
2008-06-16 00:00:00,37.27,176.84,25.05,119.22,59.04,26.89,59.84,1360.14,81.4
2008-06-17 00:00:00,37.03,181.43,24.95,117.7,58.82,26.77,59.68,1350.93,81.98
2008-06-18 00:00:00,36.71,178.75,24.39,116.82,57.79,26.45,58.95,1337.81,81.25
2008-06-19 00:00:00,36.72,180.9,24.4,117.63,57.95,26.89,59.7,1342.83,79.36
2008-06-20 00:00:00,35.05,175.27,23.94,115.48,57.45,26.24,58.97,1317.93,78.55
2008-06-23 00:00:00,35.4,173.16,23.96,116.16,57.65,25.99,58.56,1318.0,81.13
2008-06-24 00:00:00,34.63,173.25,24.12,116.16,58.04,25.77,58.01,1314.29,80.41
2008-06-25 00:00:00,34.68,177.39,24.47,117.21,58.54,26.35,59.36,1321.97,81.04
2008-06-26 00:00:00,33.14,168.26,23.2,113.97,57.63,25.79,58.68,1283.15,79.94
2008-06-27 00:00:00,33.21,170.09,22.96,112.95,57.01,25.68,57.92,1278.38,80.07
2008-06-30 00:00:00,33.44,167.44,23.33,111.52,57.7,25.57,57.62,1280.0,81.53
2008-07-01 00:00:00,32.33,174.68,23.71,112.22,58.01,24.97,58.35,1284.91,81.73
2008-07-02 00:00:00,30.14,168.18,23.18,112.06,57.97,24.05,59.58,1261.52,80.86
2008-07-03 00:00:00,30.77,170.12,23.53,112.47,58.4,24.15,60.5,1262.9,81.66
2008-07-07 00:00:00,31.35,175.16,23.69,114.32,58.51,24.19,60.36,1252.31,80.44
2008-07-08 00:00:00,30.35,179.55,24.53,116.56,59.38,24.02,59.65,1273.7,79.5
2008-07-09 00:00:00,29.61,174.25,23.77,113.28,59.35,23.45,59.21,1244.69,77.99
2008-07-10 00:00:00,32.48,176.63,24.17,115.9,60.03,23.65,59.43,1253.39,79.61
2008-07-11 00:00:00,32.52,172.58,24.18,114.9,59.42,23.47,58.58,1239.49,79.08
2008-07-14 00:00:00,32.8,173.88,23.76,114.35,59.55,23.37,58.81,1228.3,79.02
2008-07-15 00:00:00,32.4,169.64,23.3,115.92,60.71,24.3,59.41,1214.91,76.03
2008-07-16 00:00:00,32.65,172.81,24.2,118.49,61.15,25.33,59.88,1245.36,74.76
2008-07-17 00:00:00,31.67,171.81,24.48,119.04,60.83,25.58,59.37,1260.32,74.31
2008-07-18 00:00:00,31.74,165.15,24.48,122.21,60.82,24.03,59.26,1260.68,75.43
2008-07-21 00:00:00,31.88,166.29,24.21,121.05,60.18,23.83,58.39,1260.0,76.76
2008-07-22 00:00:00,31.81,162.02,24.92,122.31,60.97,23.98,59.97,1277.0,76.65
2008-07-23 00:00:00,30.73,166.26,25.64,121.86,61.22,24.56,61.36,1282.19,74.92
2008-07-24 00:00:00,29.36,159.03,25.1,122.31,61.57,23.64,61.07,1252.54,74.75
2008-07-25 00:00:00,29.86,162.12,25.1,120.93,61.9,24.31,60.9,1257.76,75.58
2008-07-28 00:00:00,30.66,154.4,24.21,118.79,61.41,23.7,60.44,1234.37,74.64
2008-07-29 00:00:00,31.32,157.08,24.83,120.11,61.41,24.27,60.69,1263.2,74.84
2008-07-30 00:00:00,32.71,159.88,25.33,121.24,61.05,24.38,60.62,1284.26,78.06
2008-07-31 00:00:00,31.68,158.95,24.73,120.41,61.4,23.9,60.31,1267.38,74.4
2008-08-01 00:00:00,30.17,156.66,24.66,119.15,61.07,23.64,60.37,1260.31,73.75
2008-08-04 00:00:00,29.14,153.23,24.63,120.02,61.86,23.49,61.31,1249.01,70.86
2008-08-05 00:00:00,29.88,160.64,25.57,121.25,63.18,24.36,62.08,1284.88,72.48
2008-08-06 00:00:00,30.36,164.19,25.35,122.0,63.73,25.11,62.1,1289.19,72.46
2008-08-07 00:00:00,30.01,163.57,24.98,121.89,63.36,25.46,61.57,1266.07,71.64
2008-08-08 00:00:00,29.98,169.55,25.91,121.67,64.16,26.14,62.83,1296.32,72.82
2008-08-11 00:00:00,29.47,173.56,26.19,119.58,64.26,25.93,62.76,1305.32,72.67
2008-08-12 00:00:00,29.22,176.73,26.0,118.28,64.3,26.13,63.08,1289.59,71.48
2008-08-13 00:00:00,30.44,179.3,25.63,118.82,63.85,25.94,63.19,1285.83,72.68
2008-08-14 00:00:00,30.07,179.32,25.81,119.9,63.84,25.94,63.37,1292.93,72.01
2008-08-15 00:00:00,30.02,175.74,26.05,119.35,63.97,25.85,63.6,1298.2,71.66
2008-08-18 00:00:00,29.36,175.39,25.66,117.68,63.75,25.73,63.25,1278.6,71.16
2008-08-19 00:00:00,29.36,173.53,25.1,115.76,63.81,25.49,63.51,1266.69,72.48
2008-08-20 00:00:00,29.93,175.84,25.05,115.72,63.74,25.46,63.29,1274.54,73.28
2008-08-21 00:00:00,30.33,174.29,25.14,116.17,63.92,25.36,62.87,1277.72,74.71
2008-08-22 00:00:00,30.47,176.79,25.46,118.0,64.46,25.98,63.33,1292.2,74.66
2008-08-25 00:00:00,29.65,172.55,24.76,116.05,63.9,25.81,62.56,1266.84,73.19
2008-08-26 00:00:00,29.83,173.64,24.72,115.71,63.82,25.45,62.25,1271.51,74.34
2008-08-27 00:00:00,30.28,174.67,24.67,116.54,64.27,25.72,62.7,1281.66,74.82
2008-08-28 00:00:00,30.58,173.74,25.21,117.67,64.45,26.07,62.69,1300.68,75.48
2008-08-29 00:00:00,30.32,169.53,24.57,114.98,63.57,25.46,62.05,1282.83,74.39
2008-09-02 00:00:00,28.75,166.19,24.94,111.84,64.74,25.29,62.93,1277.58,71.89
2008-09-03 00:00:00,28.13,166.96,24.98,111.78,64.55,25.1,63.08,1274.98,72.54
2008-09-04 00:00:00,26.95,161.22,24.22,108.62,63.59,24.59,62.35,1236.83,70.8
2008-09-05 00:00:00,26.71,160.18,24.38,107.99,63.79,23.93,62.83,1242.31,70.31
2008-09-08 00:00:00,25.99,157.92,25.43,110.79,65.19,24.37,64.12,1267.79,71.38
2008-09-09 00:00:00,25.31,151.68,24.59,108.66,64.39,24.35,64.73,1224.51,68.12
2008-09-10 00:00:00,25.66,151.61,24.56,111.49,64.29,24.67,65.48,1232.04,69.97
2008-09-11 00:00:00,26.07,152.65,24.62,112.59,64.23,25.51,66.2,1249.05,70.26
2008-09-12 00:00:00,27.06,148.94,23.39,112.37,63.71,25.77,66.69,1251.7,72.06
2008-09-15 00:00:00,25.42,140.36,21.51,108.8,62.83,25.03,65.96,1192.7,68.11
2008-09-16 00:00:00,25.01,139.88,21.91,109.61,63.0,24.25,66.53,1213.6,71.07
2008-09-17 00:00:00,23.76,127.83,20.45,105.29,62.74,22.93,65.35,1156.39,70.0
2008-09-18 00:00:00,24.42,134.09,21.96,108.74,64.02,23.57,66.76,1206.51,72.29
2008-09-19 00:00:00,25.28,140.91,23.59,112.26,63.17,23.48,66.72,1255.08,74.02
2008-09-22 00:00:00,25.29,131.05,23.17,109.77,61.75,23.7,64.8,1207.09,73.34
2008-09-23 00:00:00,24.15,126.84,22.11,108.96,61.51,23.74,64.5,1188.22,72.24
2008-09-24 00:00:00,24.18,128.71,21.79,110.0,61.55,24.0,63.9,1185.87,72.55
2008-09-25 00:00:00,23.52,131.93,22.75,113.45,62.6,24.83,65.0,1209.18,75.01
2008-09-26 00:00:00,22.22,128.24,22.37,112.8,62.64,25.57,65.37,1213.27,74.99
2008-09-29 00:00:00,20.18,105.26,20.47,108.11,60.38,23.34,63.5,1106.42,68.86
2008-09-30 00:00:00,21.31,113.66,22.59,110.47,62.53,24.9,64.97,1166.36,72.21
2008-10-01 00:00:00,20.07,109.12,21.71,104.02,61.19,24.71,65.31,1161.06,73.06
2008-10-02 00:00:00,18.29,100.1,19.63,98.93,61.19,24.49,64.64,1114.28,72.06
2008-10-03 00:00:00,18.16,97.07,19.11,97.7,59.72,24.56,62.9,1099.23,72.47
2008-10-06 00:00:00,17.09,98.14,18.94,95.04,58.22,23.24,60.75,1056.89,71.89
2008-10-07 00:00:00,15.77,89.16,17.99,90.35,56.4,21.68,59.36,996.23,70.73
2008-10-08 00:00:00,13.88,89.79,18.3,85.53,56.29,21.47,57.99,984.94,71.6
2008-10-09 00:00:00,11.76,88.74,16.84,84.06,51.97,20.81,54.26,909.92,63.23
2008-10-10 00:00:00,10.62,96.8,19.05,82.88,50.41,20.06,52.69,899.22,57.98
2008-10-13 00:00:00,13.04,110.26,18.61,87.1,56.58,23.79,56.31,1003.35,67.95
2008-10-14 00:00:00,12.26,104.08,18.47,88.41,57.77,22.49,49.59,998.01,67.37
2008-10-15 00:00:00,10.69,97.95,17.06,83.39,54.64,21.14,46.72,907.84,57.97
2008-10-16 00:00:00,11.52,101.89,17.62,86.44,57.32,22.57,48.39,946.43,64.58
2008-10-17 00:00:00,11.14,97.4,17.39,85.75,56.55,22.33,49.12,940.55,63.26
2008-10-20 00:00:00,11.71,98.44,17.84,87.38,58.16,23.07,51.74,985.4,69.73
2008-10-21 00:00:00,11.47,91.49,18.03,83.93,57.46,21.8,50.14,955.05,66.48
2008-10-22 00:00:00,9.93,96.87,16.8,78.96,55.44,20.09,48.9,896.78,60.04
2008-10-23 00:00:00,9.43,98.23,16.66,79.67,56.37,20.83,48.75,908.11,65.45
2008-10-24 00:00:00,8.88,96.38,15.8,77.52,54.87,20.49,47.19,876.77,64.19
2008-10-27 00:00:00,8.53,92.09,15.71,75.24,54.29,19.76,46.94,848.92,61.45
2008-10-28 00:00:00,10.17,99.91,17.27,82.44,57.94,21.55,50.9,940.51,69.61
2008-10-29 00:00:00,10.52,104.55,17.01,83.31,55.54,21.46,50.14,930.09,69.41
2008-10-30 00:00:00,10.81,111.04,17.14,85.66,54.67,21.12,52.04,954.09,69.78
2008-10-31 00:00:00,10.85,107.59,17.29,87.81,55.37,20.84,51.97,968.75,68.92
2008-11-03 00:00:00,11.21,106.96,17.1,87.54,55.2,21.11,52.39,966.3,69.08
2008-11-04 00:00:00,11.77,110.99,18.4,88.22,55.86,21.96,53.18,1005.75,72.05
2008-11-05 00:00:00,11.29,103.3,17.66,84.95,54.02,20.6,51.97,952.77,68.52
2008-11-06 00:00:00,9.82,99.1,16.25,80.88,52.28,19.48,50.0,904.88,65.05
2008-11-07 00:00:00,10.71,98.24,16.71,81.94,54.35,20.06,50.47,930.99,69.15
2008-11-10 00:00:00,11.27,95.88,16.35,79.66,54.17,19.87,49.78,919.21,69.22
2008-11-11 00:00:00,10.47,94.77,15.78,78.59,53.75,19.78,50.21,898.95,67.94
2008-11-12 00:00:00,9.73,90.12,14.43,75.74,52.28,18.94,48.41,852.3,64.46
2008-11-13 00:00:00,10.72,96.44,14.94,79.98,56.77,19.83,50.68,911.29,70.52
2008-11-14 00:00:00,10.37,90.24,14.19,76.3,54.2,18.72,48.79,873.29,68.9
2008-11-17 00:00:00,9.25,88.14,14.27,73.59,53.5,18.03,48.29,850.75,68.62
2008-11-18 00:00:00,9.07,89.91,14.23,76.06,54.96,18.43,48.44,859.12,71.38
2008-11-19 00:00:00,7.81,86.29,12.8,72.16,52.46,17.18,47.5,806.58,68.66
2008-11-20 00:00:00,6.55,80.49,11.38,68.14,50.37,16.47,45.85,752.44,64.07
2008-11-21 00:00:00,8.08,82.58,12.43,71.12,53.1,18.49,49.77,800.03,70.89
2008-11-24 00:00:00,8.76,92.95,13.52,75.88,53.8,19.44,50.74,851.81,73.69
2008-11-25 00:00:00,9.28,90.8,13.97,76.6,53.42,18.78,49.23,857.39,73.05
2008-11-26 00:00:00,10.03,95.0,14.34,77.57,53.03,19.25,50.08,887.68,75.64
2008-11-28 00:00:00,10.3,92.67,15.21,77.51,53.31,18.99,51.69,896.24,74.95
2008-12-01 00:00:00,8.91,88.93,13.73,73.04,50.36,17.48,48.9,816.21,69.49
2008-12-02 00:00:00,9.34,92.47,15.6,75.83,51.72,17.99,49.64,848.81,72.58
2008-12-03 00:00:00,8.89,95.9,16.06,76.62,52.17,18.67,49.69,870.74,73.81
2008-12-04 00:00:00,7.71,91.41,15.55,73.55,51.13,17.95,48.08,845.22,71.32
2008-12-05 00:00:00,7.8,94.0,15.82,76.55,53.0,18.67,49.04,876.07,71.63
2008-12-08 00:00:00,9.17,99.72,16.73,80.6,53.49,19.74,49.25,909.7,74.44
2008-12-09 00:00:00,9.14,100.06,15.75,78.54,52.61,19.35,48.03,888.67,73.13
2008-12-10 00:00:00,9.76,98.21,15.95,78.7,52.6,19.36,48.71,899.24,74.88
2008-12-11 00:00:00,9.55,95.0,15.11,76.54,53.01,18.27,48.43,873.59,74.83
2008-12-12 00:00:00,9.64,98.27,15.16,78.08,52.1,18.19,47.8,879.73,75.23
2008-12-15 00:00:00,9.48,94.75,15.02,78.62,52.61,17.89,48.16,868.57,74.77
2008-12-16 00:00:00,9.94,95.43,15.88,82.06,54.24,18.89,49.81,913.18,77.75
2008-12-17 00:00:00,9.9,89.16,15.41,81.53,53.5,18.47,49.92,904.42,75.8
2008-12-18 00:00:00,9.35,89.43,14.14,79.79,53.69,18.13,50.27,885.28,72.01
2008-12-19 00:00:00,9.28,90.0,14.62,79.33,53.55,17.96,49.7,887.88,70.16
2008-12-22 00:00:00,8.83,85.74,14.24,77.88,53.63,18.02,49.39,871.63,70.05
2008-12-23 00:00:00,9.16,86.38,14.56,76.56,53.4,18.11,49.77,863.16,70.23
2008-12-24 00:00:00,8.98,85.04,14.55,76.48,53.3,18.01,50.11,868.15,70.87
2008-12-26 00:00:00,9.36,85.81,14.42,77.25,53.3,17.97,50.13,872.8,72.18
2008-12-29 00:00:00,9.31,86.61,14.14,77.17,52.92,17.81,49.68,869.42,72.96
2008-12-30 00:00:00,10.23,86.29,14.29,79.36,53.85,18.17,50.42,890.64,73.49
2008-12-31 00:00:00,10.77,85.35,14.63,79.94,54.45,18.26,50.32,903.25,74.65
2009-01-02 00:00:00,11.59,90.75,15.42,82.99,55.2,19.1,51.42,931.8,76.35
2009-01-05 00:00:00,11.35,94.58,15.02,82.46,54.65,19.28,51.09,927.45,76.34
2009-01-06 00:00:00,11.6,93.02,15.23,84.75,54.32,19.5,51.18,934.7,75.09
2009-01-07 00:00:00,10.42,91.01,14.55,83.39,53.81,18.33,49.51,906.65,73.18
2009-01-08 00:00:00,10.87,92.7,14.58,82.81,53.71,18.9,48.93,909.73,73.96
2009-01-09 00:00:00,10.34,90.58,14.45,80.45,53.74,18.34,48.3,890.35,72.54
2009-01-12 00:00:00,9.63,88.66,14.3,81.41,53.1,18.29,47.22,870.26,71.58
2009-01-13 00:00:00,9.14,87.71,13.49,81.06,53.55,18.62,47.99,871.79,72.87
2009-01-14 00:00:00,8.64,85.33,12.74,79.02,52.74,17.93,46.95,842.62,70.23
2009-01-15 00:00:00,8.97,83.38,12.44,79.9,52.44,18.07,46.43,843.74,71.69
2009-01-16 00:00:00,9.02,82.33,12.61,80.66,52.28,18.52,47.2,850.12,73.04
2009-01-20 00:00:00,7.99,78.2,11.68,77.87,51.65,17.36,46.33,805.22,71.34
2009-01-21 00:00:00,8.19,82.83,11.77,86.83,51.29,18.21,46.34,840.24,74.12
2009-01-22 00:00:00,7.89,88.36,12.17,85.55,51.76,16.07,46.26,827.5,73.16
2009-01-23 00:00:00,7.97,88.36,10.86,85.0,50.94,16.16,46.51,831.95,72.98
2009-01-26 00:00:00,7.99,89.64,11.22,87.0,51.47,16.56,47.24,836.57,73.5
2009-01-27 00:00:00,8.24,90.73,11.79,87.06,52.37,16.59,47.45,845.71,73.8
2009-01-28 00:00:00,8.37,94.2,12.19,90.06,53.3,16.95,47.81,874.09,74.11
2009-01-29 00:00:00,8.08,93.0,11.49,87.87,53.04,16.52,47.48,845.14,72.01
2009-01-30 00:00:00,7.45,90.13,10.95,87.05,52.5,16.06,46.15,825.88,71.52
2009-02-02 00:00:00,7.36,91.51,10.49,86.37,52.5,16.75,46.06,825.44,71.72
2009-02-03 00:00:00,7.69,92.98,10.27,88.79,53.31,17.38,47.34,838.51,73.05
2009-02-04 00:00:00,7.64,93.55,10.17,88.17,52.75,17.5,47.31,832.23,72.62
2009-02-05 00:00:00,7.88,96.46,9.8,87.77,52.89,17.89,48.1,845.85,74.61
2009-02-06 00:00:00,8.21,99.72,10.02,91.81,53.25,18.47,49.18,868.6,75.51
2009-02-09 00:00:00,8.31,102.51,11.41,92.46,53.24,18.26,47.25,869.89,74.7
2009-02-10 00:00:00,7.48,97.83,10.49,89.07,51.63,17.66,45.51,827.16,71.56
2009-02-11 00:00:00,7.53,96.82,10.78,90.88,52.18,18.05,46.5,833.74,70.1
2009-02-12 00:00:00,7.34,99.27,10.55,90.79,52.59,18.09,47.78,835.19,70.7
2009-02-13 00:00:00,7.31,99.16,10.33,89.62,51.97,17.93,48.3,826.84,70.1
2009-02-17 00:00:00,6.6,94.53,9.76,86.59,50.95,17.11,47.61,789.17,66.99
2009-02-18 00:00:00,6.34,94.37,9.81,87.39,50.81,17.14,47.35,788.42,67.61
2009-02-19 00:00:00,6.21,90.64,9.35,84.93,50.9,16.94,47.96,778.94,67.82
2009-02-20 00:00:00,6.15,91.2,8.72,84.79,50.15,17.03,47.27,770.05,66.95
2009-02-23 00:00:00,5.68,86.95,8.23,80.57,49.23,16.28,46.09,743.33,65.13
2009-02-24 00:00:00,6.25,90.25,8.44,82.51,50.05,16.24,47.48,773.14,67.76
2009-02-25 00:00:00,6.32,91.16,8.38,82.03,49.52,16.04,46.6,764.9,67.72
2009-02-26 00:00:00,6.36,89.19,8.46,84.97,48.12,15.53,45.41,752.83,66.68
2009-02-27 00:00:00,6.09,89.31,7.91,87.89,45.88,15.28,44.23,735.09,63.82
2009-03-02 00:00:00,5.37,87.94,7.07,85.04,43.97,14.93,43.05,700.82,61.01
2009-03-03 00:00:00,5.41,88.37,6.52,83.82,43.72,15.02,44.53,696.33,60.49
2009-03-04 00:00:00,6.1,91.17,6.22,85.46,45.06,15.25,44.12,712.87,61.73
2009-03-05 00:00:00,5.14,88.84,6.19,83.54,43.74,14.44,42.61,682.55,58.48
2009-03-06 00:00:00,5.1,85.3,6.56,81.95,44.02,14.45,43.66,683.38,60.18
2009-03-09 00:00:00,5.27,83.11,6.89,79.72,42.76,14.33,42.46,676.53,60.69
2009-03-10 00:00:00,5.98,88.63,8.25,83.32,43.85,15.59,43.19,719.6,63.34
2009-03-11 00:00:00,5.63,92.68,7.89,84.63,43.96,16.18,43.95,721.36,61.82
2009-03-12 00:00:00,5.85,96.35,8.9,86.33,44.96,16.09,44.76,750.74,63.11
2009-03-13 00:00:00,5.6,95.93,8.94,86.29,46.47,15.75,45.07,756.55,63.16
2009-03-16 00:00:00,5.98,95.42,8.98,87.11,46.55,15.37,45.17,753.89,62.94
2009-03-17 00:00:00,5.46,99.66,9.3,88.73,46.54,15.98,45.65,778.12,64.94
2009-03-18 00:00:00,5.36,101.52,9.59,87.81,46.49,16.04,45.85,794.35,65.01
2009-03-19 00:00:00,6.26,101.62,9.42,88.49,45.94,16.21,45.41,784.04,64.22
2009-03-20 00:00:00,6.39,101.59,8.87,88.35,47.41,16.14,46.36,768.54,62.12
2009-03-23 00:00:00,7.23,107.66,9.7,94.27,48.85,17.34,47.86,822.92,66.29
2009-03-24 00:00:00,7.16,106.5,9.68,93.88,48.36,16.96,47.76,806.12,65.21
2009-03-25 00:00:00,7.55,106.49,9.75,93.54,48.51,16.91,48.64,813.88,65.94
2009-03-26 00:00:00,7.94,109.87,10.13,94.33,48.54,17.81,49.28,832.86,66.95
2009-03-27 00:00:00,7.62,106.85,10.02,89.91,48.48,17.15,48.56,815.94,65.77
2009-03-30 00:00:00,6.54,104.49,9.23,90.27,48.64,16.53,48.01,787.53,64.5
2009-03-31 00:00:00,7.17,105.12,9.4,92.53,48.27,17.38,47.72,797.87,64.01
2009-04-01 00:00:00,7.43,108.69,9.45,93.22,48.67,18.26,48.4,811.08,65.07
2009-04-02 00:00:00,8.0,112.71,9.98,96.28,48.61,18.25,49.0,834.38,66.03
2009-04-03 00:00:00,7.99,115.99,10.17,97.62,47.86,17.73,48.84,842.5,66.2
2009-04-06 00:00:00,7.73,118.45,10.4,96.99,47.9,17.74,48.82,835.48,65.84
2009-04-07 00:00:00,7.61,115.0,9.9,94.31,47.13,17.74,48.43,815.55,64.58
2009-04-08 00:00:00,7.88,116.32,9.89,96.64,47.21,18.15,48.46,825.16,64.81
2009-04-09 00:00:00,8.65,119.57,10.53,97.12,47.18,18.6,48.29,856.56,65.64
2009-04-13 00:00:00,8.94,120.22,11.28,95.45,46.94,18.53,47.73,858.73,63.93
2009-04-14 00:00:00,8.63,118.31,10.7,94.8,47.14,18.3,46.87,841.5,63.63
2009-04-15 00:00:00,8.85,117.64,11.0,94.4,47.51,17.81,48.24,852.06,64.04
2009-04-16 00:00:00,8.94,121.45,11.41,96.86,47.9,18.69,48.16,865.3,63.36
2009-04-17 00:00:00,9.05,123.42,11.52,96.71,48.68,18.16,48.32,869.6,62.74
2009-04-20 00:00:00,8.17,120.5,10.55,95.91,48.15,17.6,46.22,832.39,61.36
2009-04-21 00:00:00,8.49,121.76,10.88,97.71,48.14,17.94,45.74,850.08,62.25
2009-04-22 00:00:00,8.45,121.51,10.97,97.93,46.97,17.76,44.47,843.55,60.86
2009-04-23 00:00:00,8.7,125.4,11.04,96.86,47.17,17.9,44.39,851.92,61.76
2009-04-24 00:00:00,8.93,123.9,11.26,95.58,46.73,19.78,44.97,866.23,62.57
2009-04-27 00:00:00,8.59,124.73,11.24,95.45,46.67,19.3,45.52,857.51,62.15
2009-04-28 00:00:00,8.33,123.9,11.16,97.35,46.48,18.85,46.38,855.16,63.05
2009-04-29 00:00:00,8.6,125.14,11.36,99.36,46.83,19.15,46.76,873.64,64.32
2009-04-30 00:00:00,8.87,125.83,11.76,98.56,48.05,19.16,46.12,872.81,62.66
2009-05-01 00:00:00,9.47,127.24,11.8,99.9,48.26,19.14,46.15,877.52,63.92
2009-05-04 00:00:00,10.13,132.07,12.18,101.41,49.33,19.1,45.51,907.24,64.1
2009-05-05 00:00:00,9.9,132.71,12.18,101.09,49.88,18.72,46.1,903.8,63.58
2009-05-06 00:00:00,10.29,132.5,12.71,100.43,49.75,18.72,46.09,919.53,64.46
2009-05-07 00:00:00,9.66,129.06,12.98,98.48,50.37,18.27,45.87,907.39,64.79
2009-05-08 00:00:00,9.81,129.19,13.51,97.43,50.45,18.37,46.11,929.23,66.54
2009-05-11 00:00:00,9.4,129.57,13.19,98.78,49.65,18.27,45.96,909.24,65.49
2009-05-12 00:00:00,9.27,124.42,12.72,99.78,50.47,18.81,45.67,908.35,66.96
2009-05-13 00:00:00,8.46,119.49,12.0,98.17,50.61,18.68,46.03,883.92,65.97
2009-05-14 00:00:00,8.57,122.95,12.12,97.01,50.49,18.97,47.15,893.07,65.96
2009-05-15 00:00:00,8.85,122.42,11.95,97.31,50.85,19.12,46.64,882.88,65.34
2009-05-18 00:00:00,9.3,126.65,12.52,100.39,51.43,19.48,47.43,909.71,66.66
2009-05-19 00:00:00,9.49,127.45,12.74,101.29,51.29,19.33,47.84,908.13,66.68
2009-05-20 00:00:00,9.3,125.87,12.8,99.89,51.27,19.4,48.26,903.47,65.81
2009-05-21 00:00:00,8.92,124.18,12.31,98.71,50.91,18.87,47.73,888.33,64.66
2009-05-22 00:00:00,8.69,122.5,12.18,97.81,50.7,18.8,47.8,887.0,65.08
2009-05-26 00:00:00,9.09,130.78,12.45,100.82,51.16,19.36,47.53,910.33,66.0
2009-05-27 00:00:00,8.87,133.05,12.08,98.81,50.2,19.16,46.36,893.06,64.58
2009-05-28 00:00:00,8.91,135.07,12.26,100.5,50.48,19.47,47.29,906.83,65.46
2009-05-29 00:00:00,9.04,135.81,12.53,102.03,51.07,19.88,48.25,919.14,65.57
2009-06-01 00:00:00,9.64,139.35,12.88,104.03,51.64,20.37,49.25,942.87,67.85
2009-06-02 00:00:00,10.31,139.49,12.83,102.55,52.04,20.37,51.32,944.74,68.94
2009-06-03 00:00:00,9.87,140.95,12.55,102.23,51.99,20.68,50.72,931.76,68.15
2009-06-04 00:00:00,10.48,143.74,12.78,102.07,51.69,20.78,51.23,942.46,69.0
2009-06-05 00:00:00,10.73,144.67,12.59,102.95,51.78,21.07,51.29,940.09,68.99
2009-06-08 00:00:00,10.56,143.85,12.61,103.19,51.5,20.99,50.6,939.14,69.18
2009-06-09 00:00:00,10.93,142.72,12.61,103.81,51.57,21.02,49.98,942.43,69.13
2009-06-10 00:00:00,11.26,140.25,12.46,104.01,51.53,21.46,49.87,939.15,69.81
2009-06-11 00:00:00,11.98,139.95,12.51,105.02,51.89,21.73,49.5,944.89,70.01
2009-06-12 00:00:00,11.76,136.97,12.56,103.88,51.9,22.21,50.14,946.21,69.76
2009-06-15 00:00:00,10.99,136.09,12.22,103.31,50.69,22.29,49.42,923.72,68.84
2009-06-16 00:00:00,10.69,136.35,11.88,103.03,50.57,22.32,48.91,911.97,67.72
2009-06-17 00:00:00,10.28,135.58,11.39,102.72,51.1,22.54,49.5,910.71,67.53
2009-06-18 00:00:00,10.57,135.88,11.22,102.07,51.65,22.37,50.92,918.37,67.54
2009-06-19 00:00:00,10.78,139.48,11.34,101.65,51.93,22.91,50.38,921.23,67.18
2009-06-22 00:00:00,9.82,137.37,10.8,100.34,51.37,22.16,49.99,893.04,65.09
2009-06-23 00:00:00,9.8,134.01,10.87,100.26,50.93,22.22,49.54,895.1,65.19
2009-06-24 00:00:00,10.01,136.22,10.97,99.98,51.34,22.34,49.58,900.94,64.72
2009-06-25 00:00:00,10.51,139.86,11.12,101.82,52.09,22.64,50.45,920.26,66.07
2009-06-26 00:00:00,10.55,142.44,11.01,101.45,52.4,22.23,51.12,918.9,65.29
2009-06-29 00:00:00,10.24,141.97,11.02,101.59,52.73,22.71,51.25,927.23,66.73
2009-06-30 00:00:00,10.13,142.43,10.98,100.24,52.58,22.63,51.36,919.32,66.1
2009-07-01 00:00:00,10.15,142.83,11.04,100.64,52.83,22.88,52.82,923.33,66.71
2009-07-02 00:00:00,9.67,140.02,10.74,97.66,51.82,22.24,52.66,896.42,64.76
2009-07-06 00:00:00,9.08,138.61,10.76,97.58,52.42,22.08,53.39,898.72,64.39
2009-07-07 00:00:00,9.23,135.4,10.32,96.18,52.06,21.45,52.33,881.03,62.93
2009-07-08 00:00:00,9.27,137.22,10.04,96.65,52.84,21.47,51.26,879.56,62.65
2009-07-09 00:00:00,9.05,136.36,10.18,97.99,52.48,21.36,51.1,882.68,62.37
2009-07-10 00:00:00,9.16,138.52,10.1,96.79,52.7,21.31,51.13,879.13,61.57
2009-07-13 00:00:00,9.47,142.34,10.74,99.47,53.44,22.11,52.02,901.05,62.12
2009-07-14 00:00:00,9.4,142.27,10.91,99.12,53.91,22.0,52.42,905.84,62.61
2009-07-15 00:00:00,9.94,146.88,11.47,102.93,54.58,22.96,53.53,932.68,64.71
2009-07-16 00:00:00,10.24,147.52,11.62,106.21,54.85,23.26,53.51,940.74,64.73
2009-07-17 00:00:00,10.02,151.75,10.92,110.8,54.83,23.12,52.95,940.38,64.78
2009-07-20 00:00:00,10.39,152.91,10.94,111.78,54.68,23.35,52.41,951.13,65.18
2009-07-21 00:00:00,9.94,151.51,10.75,112.36,55.07,23.63,52.71,954.58,66.63
2009-07-22 00:00:00,10.0,156.74,10.9,110.94,54.8,23.61,52.23,954.07,66.17
2009-07-23 00:00:00,10.59,157.82,11.2,112.38,55.75,24.33,52.8,976.29,67.71
2009-07-24 00:00:00,10.8,159.99,11.28,112.93,56.94,22.32,52.72,979.26,68.35
2009-07-27 00:00:00,11.08,160.1,11.55,112.92,56.72,22.0,52.65,982.18,68.78
2009-07-28 00:00:00,11.04,160.0,11.73,112.59,56.4,22.34,52.3,979.62,67.97
2009-07-29 00:00:00,10.79,160.03,11.49,112.57,56.62,22.65,52.64,975.15,67.54
2009-07-30 00:00:00,11.24,162.79,12.29,113.14,57.2,22.66,52.89,986.75,66.86
2009-07-31 00:00:00,11.53,163.39,12.56,113.21,56.37,22.39,53.03,987.48,66.55
2009-08-03 00:00:00,12.35,166.43,12.86,115.12,56.56,22.68,52.52,1002.63,66.8
2009-08-04 00:00:00,12.59,165.55,12.95,114.81,56.53,22.63,55.19,1005.65,66.75
2009-08-05 00:00:00,13.05,165.11,13.11,113.73,55.96,22.66,54.57,1002.72,66.21
2009-08-06 00:00:00,12.58,163.91,13.41,113.21,55.48,22.33,54.04,997.08,65.93
2009-08-07 00:00:00,12.78,165.51,13.78,115.09,55.45,22.43,53.96,1010.48,65.68
2009-08-10 00:00:00,12.47,164.72,13.66,114.48,56.21,22.29,53.65,1007.1,65.41
2009-08-11 00:00:00,12.49,162.83,13.11,113.6,55.75,22.02,53.18,994.35,64.81
2009-08-12 00:00:00,12.74,165.31,13.24,115.05,56.09,22.4,52.97,1005.81,65.74
2009-08-13 00:00:00,13.47,168.42,13.22,115.33,55.84,22.48,52.79,1012.73,65.4
2009-08-14 00:00:00,13.04,166.78,13.05,114.36,55.62,22.55,52.86,1004.09,64.88
2009-08-17 00:00:00,12.2,159.59,12.52,112.71,55.38,22.13,52.5,979.73,63.31
2009-08-18 00:00:00,12.7,164.0,12.74,113.45,55.36,22.57,52.56,989.67,63.25
2009-08-19 00:00:00,12.26,164.6,12.68,114.36,55.89,22.64,52.75,996.46,64.69
2009-08-20 00:00:00,12.22,166.33,12.94,114.72,56.43,22.66,53.12,1007.37,65.25
2009-08-21 00:00:00,12.34,169.22,13.32,115.64,56.96,23.37,53.73,1026.13,66.51
2009-08-24 00:00:00,12.21,169.06,13.31,115.08,57.19,23.59,53.69,1025.57,67.82
2009-08-25 00:00:00,12.14,169.4,13.4,114.61,57.06,23.59,53.54,1028.0,67.23
2009-08-26 00:00:00,12.05,167.41,13.22,115.22,56.58,23.5,54.09,1028.12,67.89
2009-08-27 00:00:00,12.19,169.45,13.3,115.19,56.45,23.63,53.98,1030.98,67.41
2009-08-28 00:00:00,12.28,170.05,13.2,114.02,56.27,23.62,53.04,1028.93,66.7
2009-08-31 00:00:00,11.84,168.21,13.03,113.85,56.41,23.59,52.96,1020.62,65.78
2009-09-01 00:00:00,11.39,165.3,12.5,112.54,55.94,22.97,52.57,998.04,65.08
2009-09-02 00:00:00,11.35,165.18,12.37,111.96,55.77,22.84,53.08,994.75,64.86
2009-09-03 00:00:00,11.8,166.55,12.61,112.2,55.71,23.08,53.36,1003.24,64.93
2009-09-04 00:00:00,11.97,170.31,13.0,113.29,56.29,23.57,54.21,1016.4,65.81
2009-09-08 00:00:00,12.38,172.93,13.59,113.0,56.53,23.76,54.9,1025.39,67.21
2009-09-09 00:00:00,12.59,171.14,13.94,112.61,56.85,23.72,54.68,1033.37,67.06
2009-09-10 00:00:00,12.62,172.56,13.87,113.49,56.61,23.93,54.51,1044.14,67.21
2009-09-11 00:00:00,12.77,172.16,13.75,113.85,56.39,23.8,55.4,1042.73,66.57
2009-09-14 00:00:00,12.72,173.72,14.39,114.65,56.31,23.93,55.3,1049.34,66.59
2009-09-15 00:00:00,13.75,175.16,15.0,115.11,56.14,24.12,54.91,1052.63,66.1
2009-09-16 00:00:00,14.22,181.87,15.93,117.49,56.17,24.12,54.96,1068.76,66.91
2009-09-17 00:00:00,13.81,184.55,15.71,117.55,56.71,24.22,55.39,1065.49,66.44
2009-09-18 00:00:00,13.82,185.02,15.56,117.77,56.72,24.18,56.39,1068.3,66.58
2009-09-21 00:00:00,13.7,184.02,15.8,117.25,56.62,24.22,55.6,1064.66,66.18
2009-09-22 00:00:00,14.01,184.48,16.04,117.29,57.0,24.67,55.19,1071.66,66.43
2009-09-23 00:00:00,13.9,185.5,16.03,116.53,56.71,24.61,55.08,1060.87,65.64
2009-09-24 00:00:00,13.28,183.82,15.63,116.64,56.67,24.83,55.15,1050.78,65.57
2009-09-25 00:00:00,12.85,182.37,15.43,116.78,56.57,24.46,55.28,1044.38,65.35
2009-09-28 00:00:00,13.2,186.15,15.8,115.09,57.18,24.72,55.61,1062.98,66.2
2009-09-29 00:00:00,13.08,185.38,15.75,114.59,56.86,24.65,55.12,1060.61,65.7
2009-09-30 00:00:00,12.89,185.35,15.48,115.36,56.83,24.62,55.26,1057.08,65.27
2009-10-01 00:00:00,12.7,180.86,15.06,113.71,55.82,23.82,55.07,1029.85,63.99
2009-10-02 00:00:00,12.6,184.9,14.48,114.79,55.74,23.89,57.37,1025.21,63.33
2009-10-05 00:00:00,13.19,186.02,14.92,115.49,55.83,23.59,57.32,1040.46,64.29
2009-10-06 00:00:00,13.65,190.01,15.16,117.04,56.27,24.04,57.34,1054.72,65.31
2009-10-07 00:00:00,13.95,190.25,15.24,118.42,56.66,24.03,57.63,1057.58,65.32
2009-10-08 00:00:00,14.1,189.27,15.29,117.94,56.87,24.57,56.89,1065.48,65.68
2009-10-09 00:00:00,13.99,190.47,15.25,121.45,57.62,24.46,57.08,1071.49,65.89
2009-10-12 00:00:00,14.0,190.81,15.4,122.52,58.36,24.62,57.39,1076.19,66.71
2009-10-13 00:00:00,13.87,190.02,15.45,122.51,56.94,24.71,57.09,1073.19,66.84
2009-10-14 00:00:00,14.07,191.29,15.88,123.79,56.51,24.85,58.05,1092.02,68.34
2009-10-15 00:00:00,14.11,190.56,15.83,123.43,56.87,25.57,59.05,1096.56,69.38
2009-10-16 00:00:00,13.8,188.05,15.16,117.32,56.43,25.37,58.68,1087.68,69.56
2009-10-19 00:00:00,13.83,189.86,14.93,118.69,57.08,25.23,58.45,1097.91,70.03
2009-10-20 00:00:00,13.55,198.76,14.69,118.45,56.55,25.24,58.01,1091.06,69.46
2009-10-21 00:00:00,13.58,204.92,14.64,116.57,56.29,25.44,58.26,1081.4,69.74
2009-10-22 00:00:00,13.8,205.2,14.46,118.33,56.87,25.45,57.94,1092.91,70.81
2009-10-23 00:00:00,13.49,203.94,14.33,116.08,56.5,26.82,57.49,1079.6,69.98
2009-10-26 00:00:00,13.05,202.48,14.15,115.84,56.08,27.45,56.97,1066.95,69.66
2009-10-27 00:00:00,12.59,197.37,14.08,116.36,56.02,27.37,57.47,1063.41,71.26
2009-10-28 00:00:00,11.72,192.4,13.6,117.18,55.6,26.82,57.46,1042.63,70.24
2009-10-29 00:00:00,12.78,196.35,14.02,118.5,55.87,27.01,57.83,1066.11,70.35
2009-10-30 00:00:00,12.21,188.5,13.44,116.32,55.11,26.54,57.04,1036.19,68.18
2009-11-02 00:00:00,12.26,189.31,13.64,116.28,55.52,26.69,57.09,1042.88,68.63
2009-11-03 00:00:00,12.44,188.75,13.5,116.85,55.0,26.35,56.58,1045.41,68.24
2009-11-04 00:00:00,12.32,190.81,13.38,116.98,55.55,26.86,56.88,1046.5,67.82
2009-11-05 00:00:00,12.7,194.03,13.6,118.72,55.98,27.25,57.68,1066.63,68.97
2009-11-06 00:00:00,12.7,194.34,14.45,119.64,56.28,27.3,58.18,1069.3,69.04
2009-11-09 00:00:00,13.14,201.46,14.94,122.07,56.7,27.75,58.67,1093.08,69.7
2009-11-10 00:00:00,13.27,202.98,14.88,122.95,57.14,27.77,58.48,1093.01,69.47
2009-11-11 00:00:00,13.23,203.25,14.92,123.22,56.81,27.87,58.97,1098.51,69.76
2009-11-12 00:00:00,13.0,201.99,14.85,122.32,57.07,28.1,57.72,1087.24,68.79
2009-11-13 00:00:00,12.98,204.45,14.76,123.06,57.33,28.36,58.35,1093.48,69.34
2009-11-16 00:00:00,13.41,206.63,15.09,124.21,58.04,28.28,58.81,1109.3,71.21
2009-11-17 00:00:00,13.55,207.0,15.1,124.62,58.02,28.84,58.97,1110.32,71.79
2009-11-18 00:00:00,13.55,205.96,15.17,124.15,58.16,28.95,58.69,1109.8,72.02
2009-11-19 00:00:00,13.02,200.51,14.86,123.56,58.26,28.63,58.29,1094.9,71.42
2009-11-20 00:00:00,12.93,199.92,14.7,123.0,58.61,28.48,58.48,1091.38,71.17
2009-11-23 00:00:00,12.86,205.88,15.1,124.2,58.97,28.79,58.87,1106.24,72.43
2009-11-24 00:00:00,12.73,204.44,15.2,123.94,59.43,28.76,58.88,1105.65,72.69
2009-11-25 00:00:00,12.81,204.19,15.25,123.31,59.54,28.64,59.53,1110.63,73.17
2009-11-27 00:00:00,12.47,200.59,15.03,121.78,59.16,28.09,58.69,1091.49,71.63
2009-11-30 00:00:00,12.33,199.91,15.1,122.41,59.11,28.28,58.61,1095.63,71.83
2009-12-01 00:00:00,12.61,196.97,15.25,123.95,59.74,28.85,60.17,1108.86,72.75
2009-12-02 00:00:00,13.44,196.23,15.15,123.24,60.09,28.63,60.39,1109.24,72.52
2009-12-03 00:00:00,13.07,196.48,15.09,123.57,60.35,28.68,59.54,1099.92,71.75
2009-12-04 00:00:00,12.8,193.32,15.27,123.28,60.54,28.82,60.58,1105.98,71.04
2009-12-07 00:00:00,12.85,188.95,15.16,123.07,60.55,28.64,60.94,1103.25,70.58
2009-12-08 00:00:00,12.68,189.87,14.82,122.84,60.44,28.43,60.23,1091.94,69.8
2009-12-09 00:00:00,12.88,197.8,14.76,124.38,60.56,28.56,58.63,1095.95,69.64
2009-12-10 00:00:00,13.3,196.43,14.72,125.3,60.93,28.72,58.67,1102.35,69.27
2009-12-11 00:00:00,14.39,194.67,15.01,125.63,61.0,28.7,58.13,1106.41,69.68
2009-12-14 00:00:00,14.6,196.98,15.04,125.87,61.1,28.95,57.85,1114.11,66.68
2009-12-15 00:00:00,14.46,194.17,14.85,124.48,60.9,28.86,57.86,1107.93,66.18
2009-12-16 00:00:00,14.68,195.03,14.79,124.69,60.95,28.94,57.57,1109.18,65.47
2009-12-17 00:00:00,14.28,191.86,14.89,123.42,60.64,28.46,56.96,1096.08,65.27
2009-12-18 00:00:00,14.36,195.43,14.7,123.92,60.55,29.19,56.43,1102.47,65.26
2009-12-21 00:00:00,15.49,198.23,14.68,124.63,60.51,29.34,57.38,1114.05,65.55
2009-12-22 00:00:00,15.55,200.36,14.59,125.87,60.7,29.63,57.52,1118.02,65.61
2009-12-23 00:00:00,15.76,202.1,14.62,125.94,60.74,29.73,57.57,1120.59,65.31
2009-12-24 00:00:00,16.1,209.04,14.65,126.49,60.86,29.8,57.84,1126.48,65.69
2009-12-28 00:00:00,15.86,211.61,14.56,128.18,61.09,29.97,58.02,1127.78,66.1
2009-12-29 00:00:00,15.79,209.1,14.65,127.73,61.09,30.18,57.97,1126.2,65.87
2009-12-30 00:00:00,16.06,211.64,14.57,128.43,61.06,29.77,58.17,1126.42,65.8
2009-12-31 00:00:00,15.88,210.73,14.36,126.81,60.59,29.3,57.68,1115.1,65.24
2010-01-04 00:00:00,16.4,214.01,14.66,128.32,60.84,29.76,58.1,1132.99,66.16
2010-01-05 00:00:00,15.89,214.38,14.74,126.77,60.14,29.77,58.8,1136.52,66.42
2010-01-06 00:00:00,16.72,210.97,14.66,125.94,60.63,29.58,58.21,1137.14,66.99
2010-01-07 00:00:00,16.36,210.58,15.42,125.51,60.19,29.28,57.84,1141.69,66.78
2010-01-08 00:00:00,16.77,211.98,15.75,126.77,60.4,29.48,57.65,1144.98,66.52
2010-01-11 00:00:00,17.19,210.11,15.9,125.44,60.41,29.1,57.59,1146.98,67.26
2010-01-12 00:00:00,15.29,207.72,15.91,126.44,60.73,28.91,58.39,1136.22,66.93
2010-01-13 00:00:00,15.74,210.65,15.97,126.17,61.11,29.18,58.87,1145.68,66.66
2010-01-14 00:00:00,15.57,209.43,15.85,128.18,61.24,29.77,59.58,1148.46,66.67
2010-01-15 00:00:00,15.4,205.93,15.6,127.67,60.73,29.67,59.1,1136.03,66.12
2010-01-19 00:00:00,15.39,215.04,15.7,129.95,61.47,29.9,59.13,1150.23,66.28
2010-01-20 00:00:00,15.0,211.73,15.66,126.18,61.28,29.41,58.77,1138.04,65.09
2010-01-21 00:00:00,14.04,208.07,15.2,124.97,60.17,28.85,57.82,1116.48,63.82
2010-01-22 00:00:00,13.2,197.75,15.29,121.58,59.45,27.84,57.29,1091.76,63.24
2010-01-25 00:00:00,13.19,203.07,15.53,122.18,59.47,28.19,57.14,1096.78,63.0
2010-01-26 00:00:00,13.34,205.94,15.52,121.82,59.06,28.36,57.16,1092.17,63.07
2010-01-27 00:00:00,13.1,207.88,15.47,122.39,59.68,28.53,57.2,1097.5,62.71
2010-01-28 00:00:00,12.73,199.29,15.33,119.89,60.01,28.04,56.68,1084.53,62.15
2010-01-29 00:00:00,12.54,192.06,15.26,118.57,59.13,27.09,56.56,1073.87,61.65
2010-02-01 00:00:00,13.16,194.73,15.42,120.78,59.35,27.31,57.59,1089.19,63.32
2010-02-02 00:00:00,13.47,195.86,15.99,121.61,60.19,27.36,58.02,1103.32,64.07
2010-02-03 00:00:00,13.32,199.23,15.83,121.74,59.85,27.53,58.15,1097.28,63.72
2010-02-04 00:00:00,12.74,192.05,15.22,119.16,58.92,26.77,56.58,1063.11,61.92
2010-02-05 00:00:00,13.01,195.46,14.98,119.66,58.92,26.94,56.46,1066.19,62.0
2010-02-08 00:00:00,12.89,194.12,14.8,118.6,58.67,26.65,55.94,1056.74,61.97
2010-02-09 00:00:00,13.11,196.19,14.8,119.9,59.04,26.93,56.97,1070.52,62.79
2010-02-10 00:00:00,12.99,195.12,14.89,119.51,59.01,26.91,57.28,1068.13,62.45
2010-02-11 00:00:00,13.41,198.67,14.96,120.4,59.18,27.04,58.05,1078.47,62.83
2010-02-12 00:00:00,13.11,200.38,14.76,120.67,59.0,26.85,57.8,1075.51,62.4
2010-02-16 00:00:00,13.56,203.4,15.22,121.86,59.84,27.38,58.17,1094.87,63.83
2010-02-17 00:00:00,13.43,202.55,15.33,122.93,60.18,27.62,58.93,1099.51,63.33
2010-02-18 00:00:00,13.44,202.93,15.41,124.37,60.7,27.98,59.32,1106.75,63.52
2010-02-19 00:00:00,13.36,201.67,15.34,123.77,60.48,27.79,59.45,1109.17,63.43
2010-02-22 00:00:00,13.37,200.42,15.42,123.44,60.18,27.75,59.21,1108.01,62.98
2010-02-23 00:00:00,13.01,197.06,15.14,123.06,60.01,27.36,58.61,1094.6,62.54
2010-02-24 00:00:00,12.89,200.66,15.3,124.16,60.14,27.65,58.9,1105.24,63.13
2010-02-25 00:00:00,13.14,202.0,15.2,123.65,59.98,27.63,59.11,1102.94,62.73
2010-02-26 00:00:00,13.13,204.62,15.34,123.74,59.71,27.69,59.27,1104.49,62.6
2010-03-01 00:00:00,13.14,208.99,15.18,125.11,60.08,28.03,60.18,1115.71,62.98
2010-03-02 00:00:00,13.07,208.85,15.18,123.99,60.13,27.49,60.53,1118.31,63.07
2010-03-03 00:00:00,13.17,209.33,15.31,123.47,60.09,27.49,61.13,1118.79,63.01
2010-03-04 00:00:00,13.26,210.71,15.38,123.31,60.25,27.65,61.26,1122.97,62.98
2010-03-05 00:00:00,13.66,218.95,15.61,123.83,60.7,27.62,61.5,1138.7,64.01
2010-03-08 00:00:00,13.6,219.08,15.54,123.01,60.85,27.65,61.29,1138.5,64.02
2010-03-09 00:00:00,13.5,223.02,15.75,122.18,60.92,27.82,61.49,1140.45,64.31
2010-03-10 00:00:00,13.4,224.84,15.76,122.24,60.94,27.98,61.56,1145.61,64.73
2010-03-11 00:00:00,13.47,225.5,15.74,124.17,60.87,28.19,62.08,1150.24,64.73
2010-03-12 00:00:00,13.43,226.6,16.27,124.5,60.83,28.27,62.2,1149.99,64.33
2010-03-15 00:00:00,13.34,223.84,16.51,124.39,61.2,28.29,63.2,1150.51,63.85
2010-03-16 00:00:00,13.62,224.45,17.25,125.21,61.16,28.37,63.13,1159.46,64.11
2010-03-17 00:00:00,14.28,224.12,17.23,124.33,61.28,28.62,63.61,1166.21,64.87
2010-03-18 00:00:00,14.12,224.65,17.37,124.93,61.67,28.6,63.56,1165.83,64.9
2010-03-19 00:00:00,14.08,222.25,17.25,124.28,61.71,28.58,63.6,1159.9,64.56
2010-03-22 00:00:00,14.16,224.75,17.25,124.54,61.71,28.59,63.36,1165.81,64.49
2010-03-23 00:00:00,14.31,228.36,17.5,125.89,61.95,28.86,63.88,1174.17,64.47
2010-03-24 00:00:00,14.14,229.37,17.62,125.08,61.37,28.64,63.31,1167.72,64.04
2010-03-25 00:00:00,13.93,226.65,17.47,125.77,61.2,28.99,63.59,1165.73,63.85
2010-03-26 00:00:00,14.09,230.9,17.51,125.79,61.02,28.65,63.63,1166.59,64.08
2010-03-29 00:00:00,14.26,232.39,17.57,125.13,61.44,28.58,63.59,1173.22,64.81
2010-03-30 00:00:00,14.22,235.85,17.47,125.31,61.52,28.76,63.8,1173.27,64.57
2010-03-31 00:00:00,14.06,235.0,17.38,124.8,61.8,28.29,63.21,1169.43,64.5
2010-04-01 00:00:00,14.51,235.97,17.5,124.8,62.34,28.17,63.71,1178.1,65.11
2010-04-05 00:00:00,14.54,238.49,17.69,125.87,61.99,28.27,63.04,1187.44,65.67
2010-04-06 00:00:00,14.84,239.54,17.76,125.46,61.9,28.32,63.43,1189.44,65.39
2010-04-07 00:00:00,14.55,240.6,17.67,125.03,61.82,28.35,63.05,1182.45,64.85
2010-04-08 00:00:00,14.68,239.95,17.72,124.18,61.54,28.9,63.03,1186.44,65.35
2010-04-09 00:00:00,14.21,241.79,17.68,125.3,61.74,29.31,63.41,1194.37,66.22
2010-04-12 00:00:00,14.38,242.29,17.87,124.91,61.71,29.29,63.37,1196.48,66.17
2010-04-13 00:00:00,14.16,242.43,18.09,125.56,62.25,29.41,63.43,1197.3,66.12
2010-04-14 00:00:00,14.25,245.69,18.48,127.72,62.07,29.77,63.34,1210.65,66.07
2010-04-15 00:00:00,14.13,248.92,18.62,127.37,62.09,29.82,63.32,1211.67,65.74
2010-04-16 00:00:00,13.73,247.4,18.11,127.12,61.63,29.63,63.2,1192.13,65.42
2010-04-19 00:00:00,13.54,247.07,18.09,128.68,62.59,29.98,63.18,1197.52,65.71
2010-04-20 00:00:00,13.57,244.59,18.14,126.2,62.55,30.29,62.97,1207.17,66.42
2010-04-21 00:00:00,13.53,259.22,18.17,125.52,61.98,30.26,63.04,1205.94,66.37
2010-04-22 00:00:00,13.67,266.47,18.09,125.66,61.4,30.32,61.88,1208.67,66.03
2010-04-23 00:00:00,13.93,270.83,18.21,126.5,61.65,29.91,61.83,1217.28,66.68
2010-04-26 00:00:00,13.87,269.5,18.43,127.22,61.38,30.05,62.13,1212.05,66.73
2010-04-27 00:00:00,13.27,262.04,17.86,125.36,60.93,29.8,61.37,1183.71,65.75
2010-04-28 00:00:00,13.4,261.6,18.09,126.6,61.25,29.86,61.87,1191.36,66.63
2010-04-29 00:00:00,13.54,268.64,18.61,126.95,61.62,29.94,62.3,1206.78,66.12
2010-04-30 00:00:00,13.26,261.09,18.01,125.53,60.95,29.5,62.32,1186.69,65.26
2010-05-03 00:00:00,12.98,266.35,18.39,126.12,61.92,29.81,62.77,1202.26,65.33
2010-05-04 00:00:00,12.42,258.68,17.74,124.68,61.33,29.1,62.52,1173.6,64.01
2010-05-05 00:00:00,12.33,255.99,17.28,124.03,61.74,28.83,62.3,1165.87,63.72
2010-05-06 00:00:00,11.82,246.25,16.53,121.21,60.09,27.99,61.82,1128.15,61.53
2010-05-07 00:00:00,11.87,235.86,16.12,119.43,60.01,27.25,61.7,1110.88,61.35
2010-05-10 00:00:00,12.46,253.99,17.23,123.51,61.37,27.95,63.45,1159.73,62.82
2010-05-11 00:00:00,12.0,256.52,17.19,124.11,61.3,27.9,63.59,1155.79,62.5
2010-05-12 00:00:00,12.33,262.09,17.61,129.78,61.52,28.44,63.96,1171.67,62.93
2010-05-13 00:00:00,12.67,258.36,17.24,128.6,61.3,28.24,63.52,1157.44,62.77
2010-05-14 00:00:00,12.23,253.82,16.84,128.32,60.63,27.94,63.13,1135.68,61.66
2010-05-17 00:00:00,11.97,254.22,16.77,127.58,60.55,27.95,63.78,1136.94,61.34
2010-05-18 00:00:00,11.7,252.36,16.45,127.11,59.69,27.75,63.57,1120.8,60.88
2010-05-19 00:00:00,11.66,248.34,16.48,126.04,58.98,27.4,63.1,1115.05,60.55
2010-05-20 00:00:00,10.95,237.76,15.53,121.09,57.39,26.3,61.02,1071.59,58.49
2010-05-21 00:00:00,11.23,242.32,15.68,122.67,57.71,26.04,60.75,1087.69,59.03
2010-05-24 00:00:00,10.97,246.76,15.29,121.73,57.41,25.49,60.5,1073.65,58.36
2010-05-25 00:00:00,11.18,245.22,15.23,121.79,57.2,25.3,60.09,1074.03,57.89
2010-05-26 00:00:00,11.13,244.11,15.29,120.53,56.55,24.27,58.5,1067.95,57.51
2010-05-27 00:00:00,11.7,253.35,15.91,123.62,56.46,25.23,60.1,1103.06,59.59
2010-05-28 00:00:00,11.52,256.88,15.61,122.52,55.76,25.03,60.09,1089.41,58.62
2010-06-01 00:00:00,11.07,260.83,15.26,121.62,56.2,25.12,59.97,1070.71,57.45
2010-06-02 00:00:00,11.36,263.95,15.61,124.62,57.13,25.67,61.1,1098.38,58.92
2010-06-03 00:00:00,11.25,263.12,15.71,125.16,57.17,26.06,61.02,1102.83,59.69
2010-06-04 00:00:00,10.73,255.96,15.0,122.54,55.49,25.02,59.16,1064.88,57.72
2010-06-07 00:00:00,10.4,250.94,14.71,121.41,55.48,24.54,59.44,1050.47,57.5
2010-06-08 00:00:00,10.65,249.33,14.78,121.01,56.09,24.36,60.32,1062.0,59.38
2010-06-09 00:00:00,10.69,243.2,14.63,121.19,55.64,24.05,60.17,1055.69,58.2
2010-06-10 00:00:00,11.13,250.51,14.97,124.88,55.96,24.26,61.47,1086.84,60.01
2010-06-11 00:00:00,11.24,253.51,14.86,125.64,55.92,24.9,61.2,1091.6,59.98
2010-06-14 00:00:00,11.22,254.28,14.7,125.69,55.88,24.74,61.48,1089.63,59.5
2010-06-15 00:00:00,11.47,259.69,15.08,126.95,56.57,25.79,61.85,1115.23,60.61
2010-06-16 00:00:00,11.29,267.25,15.13,127.5,56.66,25.54,61.54,1114.61,60.61
2010-06-17 00:00:00,11.06,271.87,15.29,128.11,56.61,25.59,62.09,1116.04,60.7
2010-06-18 00:00:00,10.99,274.07,15.33,127.3,56.61,25.65,61.7,1117.51,61.18
2010-06-21 00:00:00,11.6,270.17,15.47,127.79,56.56,25.18,61.64,1113.2,61.21
2010-06-22 00:00:00,11.17,273.85,15.17,126.47,56.59,25.0,60.95,1095.31,60.06
2010-06-23 00:00:00,11.31,270.97,14.79,127.26,56.66,24.56,60.4,1092.04,59.24
2010-06-24 00:00:00,10.99,269.0,14.49,125.38,57.01,24.26,60.08,1073.69,58.24
2010-06-25 00:00:00,11.11,266.7,14.33,124.34,56.15,23.8,58.51,1076.76,57.3
2010-06-28 00:00:00,10.91,268.3,14.41,126.16,56.86,23.59,59.66,1074.57,56.69
2010-06-29 00:00:00,10.23,256.17,13.91,122.35,56.66,22.62,58.95,1041.24,55.55
2010-06-30 00:00:00,9.96,251.53,13.86,120.78,56.49,22.33,58.69,1030.71,55.33
2010-07-01 00:00:00,9.95,248.48,13.57,119.89,56.5,22.47,59.23,1027.37,54.89
2010-07-02 00:00:00,9.9,246.94,13.34,119.19,56.51,22.58,59.24,1022.58,54.85
2010-07-06 00:00:00,10.1,248.63,13.42,120.76,56.51,23.11,59.35,1028.06,55.71
2010-07-07 00:00:00,10.44,258.67,14.05,124.22,57.97,23.58,60.59,1060.27,56.65
2010-07-08 00:00:00,10.61,258.09,14.25,125.17,58.71,23.68,61.62,1070.25,57.02
2010-07-09 00:00:00,10.83,259.62,14.37,125.16,57.91,23.55,61.14,1077.96,56.99
2010-07-12 00:00:00,10.76,257.29,14.35,125.85,57.59,24.09,61.37,1078.75,57.15
2010-07-13 00:00:00,10.89,251.8,14.62,127.62,57.87,24.38,61.07,1095.34,57.61
2010-07-14 00:00:00,10.8,252.73,14.61,127.86,57.98,24.68,61.2,1095.17,57.46
2010-07-15 00:00:00,10.73,251.45,14.65,127.86,57.64,24.75,60.81,1096.48,57.47
2010-07-16 00:00:00,10.3,249.9,13.98,125.23,56.85,24.15,60.13,1064.88,56.2
2010-07-19 00:00:00,10.47,245.58,14.05,126.95,56.98,24.48,59.74,1071.25,56.65
2010-07-20 00:00:00,10.74,251.89,14.36,123.78,56.03,24.72,62.32,1083.48,57.16
2010-07-21 00:00:00,10.48,254.24,14.26,122.53,54.64,24.37,61.57,1069.59,56.4
2010-07-22 00:00:00,10.71,259.02,14.62,124.68,54.54,25.07,61.82,1093.67,57.57
2010-07-23 00:00:00,10.93,259.94,15.1,125.57,55.12,25.04,62.06,1102.66,57.9
2010-07-26 00:00:00,11.11,259.28,15.51,125.6,55.23,25.32,62.57,1115.01,58.55
2010-07-27 00:00:00,11.09,264.08,15.55,125.81,55.57,25.38,63.25,1113.84,58.96
2010-07-28 00:00:00,10.92,260.96,15.42,125.62,55.31,25.18,62.78,1106.13,59.06
2010-07-29 00:00:00,10.91,258.11,15.52,125.22,55.31,25.26,62.48,1101.53,58.5
2010-07-30 00:00:00,11.05,257.25,15.49,125.59,55.56,25.04,62.5,1101.6,57.86
2010-08-02 00:00:00,11.59,261.85,15.77,127.9,56.17,25.55,62.84,1125.86,60.06
2010-08-03 00:00:00,11.44,261.93,15.76,127.52,56.77,25.38,63.33,1120.46,60.81
2010-08-04 00:00:00,11.43,262.98,15.84,128.4,57.14,24.97,63.71,1127.24,60.81
2010-08-05 00:00:00,11.49,261.7,15.87,128.94,57.16,24.62,63.14,1125.81,60.8
2010-08-06 00:00:00,11.5,260.09,15.81,127.92,57.35,24.79,63.45,1121.64,60.08
2010-08-09 00:00:00,11.57,261.75,15.74,129.75,57.44,24.85,63.95,1127.79,60.55
2010-08-10 00:00:00,11.26,259.41,15.62,129.59,56.85,24.33,64.06,1121.06,60.05
2010-08-11 00:00:00,10.58,250.19,15.09,127.62,55.96,24.12,63.02,1089.47,58.97
2010-08-12 00:00:00,10.65,251.79,14.89,126.11,55.97,23.76,62.76,1083.61,58.82
2010-08-13 00:00:00,10.56,249.1,14.78,125.69,55.62,23.67,63.12,1079.25,58.5
2010-08-16 00:00:00,10.52,247.64,14.86,125.59,55.49,23.77,63.0,1079.38,58.47
2010-08-17 00:00:00,10.86,251.97,14.97,126.26,56.64,24.1,63.11,1092.54,59.39
2010-08-18 00:00:00,10.84,253.07,15.09,127.18,56.77,24.21,63.09,1094.16,58.74
2010-08-19 00:00:00,10.58,249.88,14.65,126.7,56.17,23.84,62.26,1075.63,57.9
2010-08-20 00:00:00,10.49,249.64,14.44,125.33,56.19,23.64,62.39,1071.69,57.51
2010-08-23 00:00:00,10.29,245.8,14.31,124.31,56.31,23.68,62.41,1067.36,58.1
2010-08-24 00:00:00,9.98,239.93,14.0,122.77,55.49,23.45,62.37,1051.87,57.56
2010-08-25 00:00:00,10.03,242.89,14.0,123.13,55.46,23.51,62.17,1055.33,57.53
2010-08-26 00:00:00,9.93,240.28,13.93,120.69,55.29,23.24,61.75,1047.22,57.11
2010-08-27 00:00:00,10.24,241.62,14.14,122.6,55.61,23.34,61.74,1064.59,58.4
2010-08-30 00:00:00,10.17,242.5,13.95,121.3,55.32,23.06,61.24,1048.92,57.61
2010-08-31 00:00:00,10.14,243.1,13.91,121.03,55.05,22.89,61.8,1049.33,57.72
2010-09-01 00:00:00,10.44,250.33,14.42,123.63,56.28,23.31,62.95,1080.29,59.48
2010-09-02 00:00:00,10.74,252.17,14.56,122.91,56.59,23.35,63.03,1090.1,59.63
2010-09-03 00:00:00,10.79,258.77,14.79,125.41,56.9,23.69,63.61,1104.51,59.88
2010-09-07 00:00:00,10.77,257.81,14.84,123.8,56.68,23.37,63.52,1091.84,59.13
2010-09-08 00:00:00,10.98,262.92,15.09,123.93,56.82,23.34,63.47,1098.87,59.32
2010-09-09 00:00:00,11.14,263.07,15.29,124.21,57.76,23.42,64.12,1104.18,59.62
2010-09-10 00:00:00,11.08,263.41,15.36,125.81,57.91,23.26,64.42,1109.55,59.76
2010-09-13 00:00:00,11.43,267.04,15.62,127.4,58.24,24.49,64.27,1121.9,59.57
2010-09-14 00:00:00,11.4,268.06,15.53,126.65,58.49,24.42,64.01,1121.1,59.58
2010-09-15 00:00:00,11.34,270.22,15.7,127.22,58.95,24.5,64.51,1125.07,59.57
2010-09-16 00:00:00,11.17,276.57,15.71,127.46,59.18,24.71,64.62,1124.66,59.54
2010-09-17 00:00:00,11.08,275.37,15.77,127.97,59.45,24.6,64.14,1125.59,59.35
2010-09-20 00:00:00,11.29,283.23,16.02,129.54,59.95,24.81,64.89,1142.71,60.1
2010-09-21 00:00:00,11.08,283.77,15.99,129.73,59.8,24.53,64.47,1139.78,60.09
2010-09-22 00:00:00,11.61,287.75,15.97,130.31,59.83,24.01,64.67,1134.28,60.01
2010-09-23 00:00:00,11.65,288.92,15.62,129.43,59.68,23.83,63.82,1124.83,59.71
2010-09-24 00:00:00,12.1,292.32,16.13,131.82,60.0,24.17,64.15,1148.67,60.3
2010-09-27 00:00:00,11.98,291.16,15.9,132.35,59.89,24.12,64.39,1142.16,60.26
2010-09-28 00:00:00,12.12,286.86,15.91,132.59,60.28,24.07,64.78,1147.7,60.6
2010-09-29 00:00:00,11.99,287.37,15.84,133.17,60.16,23.9,64.75,1144.73,60.14
2010-09-30 00:00:00,12.01,283.75,15.73,131.85,59.82,23.89,64.45,1141.2,60.34
2010-10-01 00:00:00,12.13,282.52,15.84,133.33,59.62,23.78,65.0,1146.24,61.07
2010-10-04 00:00:00,11.83,278.64,15.59,132.94,59.54,23.32,64.87,1137.03,60.73
2010-10-05 00:00:00,12.04,288.94,15.98,135.31,60.64,23.75,65.73,1160.75,61.77
2010-10-06 00:00:00,12.27,289.19,16.36,135.49,61.03,23.83,66.07,1159.97,62.44
2010-10-07 00:00:00,12.1,289.22,16.51,136.36,61.04,23.93,64.12,1158.06,62.35
2010-10-08 00:00:00,12.79,294.07,16.57,136.48,61.05,23.97,63.78,1165.15,62.87
2010-10-11 00:00:00,12.83,295.36,16.42,137.28,61.12,23.99,63.56,1165.32,63.03
2010-10-12 00:00:00,13.1,298.54,16.64,137.47,61.11,24.22,64.1,1169.77,63.18
2010-10-13 00:00:00,13.27,300.14,16.73,137.98,61.39,24.72,64.41,1178.1,63.51
2010-10-14 00:00:00,13.03,302.31,16.61,139.09,61.54,24.61,64.65,1173.81,63.77
2010-10-15 00:00:00,13.03,314.74,15.78,138.66,61.38,24.91,64.69,1176.19,63.66
2010-10-18 00:00:00,13.04,318.0,15.73,140.4,61.66,25.19,64.51,1184.71,64.72
2010-10-19 00:00:00,12.57,309.49,15.56,135.68,61.11,24.48,63.45,1165.9,63.59
2010-10-20 00:00:00,12.85,310.53,15.54,136.7,61.41,24.69,63.03,1178.17,64.46
2010-10-21 00:00:00,12.68,309.52,15.59,137.45,61.78,24.8,63.23,1180.26,64.76
2010-10-22 00:00:00,12.62,307.47,15.55,137.29,61.61,24.76,63.07,1183.08,64.78
2010-10-25 00:00:00,12.78,308.84,15.55,137.46,61.77,24.57,63.1,1185.62,64.64
2010-10-26 00:00:00,12.77,308.05,15.64,138.27,61.64,25.26,62.85,1185.64,64.97
2010-10-27 00:00:00,12.6,307.83,15.6,139.02,61.38,25.41,62.35,1182.45,64.13
2010-10-28 00:00:00,12.55,305.24,15.57,138.5,61.37,25.64,63.07,1183.78,64.66
2010-10-29 00:00:00,13.04,300.98,15.51,141.15,61.54,26.02,63.35,1183.26,64.93
2010-11-01 00:00:00,12.95,304.18,15.44,140.88,61.49,26.29,63.59,1184.38,65.38
2010-11-02 00:00:00,13.14,309.36,15.43,141.39,61.68,26.72,63.83,1193.57,66.25
2010-11-03 00:00:00,13.07,312.8,15.55,141.71,61.98,26.37,63.25,1197.96,66.37
2010-11-04 00:00:00,13.52,318.27,15.98,144.29,62.53,26.47,63.4,1221.06,67.75
2010-11-05 00:00:00,13.92,317.13,16.2,144.42,62.42,26.19,63.13,1225.85,68.36
2010-11-08 00:00:00,13.88,318.62,16.18,144.6,62.11,26.15,63.16,1223.25,68.67
2010-11-09 00:00:00,13.67,316.08,16.09,144.29,62.09,26.29,63.35,1213.4,69.41
2010-11-10 00:00:00,13.8,318.03,16.02,144.69,61.75,26.28,63.3,1218.71,69.9
2010-11-11 00:00:00,13.73,316.65,15.83,143.59,61.72,26.03,62.96,1213.54,70.58
2010-11-12 00:00:00,13.41,308.03,15.73,141.92,61.48,25.63,62.71,1199.21,69.76
2010-11-15 00:00:00,13.32,307.04,15.68,141.82,61.93,25.56,62.49,1197.75,69.26
2010-11-16 00:00:00,12.96,301.59,15.35,140.44,60.96,25.33,62.13,1178.34,67.74
2010-11-17 00:00:00,12.87,300.5,15.3,140.15,60.89,25.1,62.03,1178.59,67.81
2010-11-18 00:00:00,13.31,308.43,15.53,142.53,61.63,25.36,62.83,1196.69,69.09
2010-11-19 00:00:00,13.31,306.73,15.7,143.21,61.63,25.21,62.77,1199.73,69.32
2010-11-22 00:00:00,13.22,313.36,15.52,143.55,61.43,25.25,62.77,1197.84,68.97
2010-11-23 00:00:00,13.06,308.73,15.26,141.36,60.7,24.65,61.98,1180.73,67.78
2010-11-24 00:00:00,13.24,314.8,15.43,143.96,61.11,24.9,62.41,1198.35,68.67
2010-11-26 00:00:00,13.1,315.0,15.3,142.08,60.67,24.78,61.99,1189.4,68.03
2010-11-29 00:00:00,13.22,316.87,15.46,141.08,60.29,24.84,62.1,1187.76,68.25
2010-11-30 00:00:00,13.06,311.15,15.32,139.67,59.94,24.79,62.7,1180.55,68.35
2010-12-01 00:00:00,13.49,316.4,15.78,142.58,60.79,25.56,64.14,1206.07,70.09
2010-12-02 00:00:00,14.01,318.15,16.15,143.34,60.96,26.39,63.72,1221.53,70.24
2010-12-03 00:00:00,14.15,317.44,16.24,143.54,60.92,26.52,63.69,1224.71,69.96
2010-12-06 00:00:00,14.16,320.15,16.17,143.15,60.57,26.34,63.26,1223.12,70.07
2010-12-07 00:00:00,14.07,318.21,16.49,142.19,60.68,26.37,63.22,1223.75,70.22
2010-12-08 00:00:00,14.06,321.01,16.5,143.14,60.82,26.73,63.17,1228.28,70.6
2010-12-09 00:00:00,14.07,319.76,16.58,142.47,60.44,26.58,63.25,1233.0,70.75
2010-12-10 00:00:00,14.17,320.56,17.15,142.98,60.29,26.83,63.43,1240.4,70.93
2010-12-13 00:00:00,14.28,321.67,17.06,142.45,60.24,26.74,64.05,1240.46,71.11
2010-12-14 00:00:00,14.12,320.29,17.12,143.97,61.13,27.11,64.1,1241.59,70.93
2010-12-15 00:00:00,13.88,320.36,16.93,142.89,60.93,27.33,63.76,1235.23,70.6
2010-12-16 00:00:00,14.38,321.25,17.2,142.72,60.77,27.47,64.26,1242.87,70.97
2010-12-17 00:00:00,14.48,320.61,17.13,143.16,60.9,27.38,64.48,1243.91,70.92
2010-12-20 00:00:00,14.69,322.21,17.13,142.68,60.86,27.29,64.81,1247.08,70.97
2010-12-21 00:00:00,14.81,324.2,17.33,143.89,60.71,27.55,63.92,1254.6,71.46
2010-12-22 00:00:00,15.06,325.16,17.62,144.1,60.4,27.67,64.19,1258.84,71.54
2010-12-23 00:00:00,15.25,323.6,17.6,144.04,60.62,27.78,64.2,1256.77,71.93
2010-12-27 00:00:00,15.14,324.68,17.75,143.5,60.31,27.55,63.94,1257.54,71.74
2010-12-28 00:00:00,15.16,325.47,17.87,143.86,60.43,27.49,63.8,1258.51,72.15
2010-12-29 00:00:00,15.05,325.29,17.83,144.66,60.5,27.45,63.85,1259.78,72.1
2010-12-30 00:00:00,15.12,323.66,17.75,144.81,60.32,27.33,63.65,1257.88,72.09
2010-12-31 00:00:00,15.3,322.56,17.84,144.9,60.23,27.39,63.85,1257.64,71.85
2011-01-03 00:00:00,15.71,329.57,17.84,145.61,61.18,27.46,64.26,1271.87,73.26
2011-01-04 00:00:00,16.43,331.29,18.16,145.77,61.69,27.57,63.93,1270.2,73.6
2011-01-05 00:00:00,16.47,334.0,18.19,145.19,61.65,27.48,65.08,1276.56,73.4
2011-01-06 00:00:00,16.27,333.73,18.11,146.78,61.56,28.29,65.33,1273.85,73.88
2011-01-07 00:00:00,16.33,336.12,17.98,146.05,60.96,28.07,64.89,1271.5,74.28
2011-01-10 00:00:00,16.4,342.45,18.06,145.77,60.53,27.7,64.55,1269.75,73.83
2011-01-11 00:00:00,16.24,341.64,18.18,145.41,60.64,27.59,64.83,1274.48,74.38
2011-01-12 00:00:00,16.15,344.42,18.22,147.21,60.86,28.02,65.22,1285.96,75.25
2011-01-13 00:00:00,15.66,345.68,18.15,146.93,61.26,27.67,65.39,1283.76,75.38
2011-01-14 00:00:00,15.88,348.48,18.36,148.1,60.91,27.78,65.27,1293.24,76.49
2011-01-18 00:00:00,16.18,340.65,18.15,148.74,60.48,28.13,65.06,1295.02,77.35
2011-01-19 00:00:00,15.97,338.84,17.88,153.72,60.92,27.94,64.41,1281.92,76.88
2011-01-20 00:00:00,15.89,332.68,17.98,153.82,61.22,27.82,64.41,1280.26,76.4
2011-01-21 00:00:00,15.7,326.72,19.26,153.53,61.02,27.5,64.38,1283.35,77.61
2011-01-24 00:00:00,16.34,337.45,19.55,157.61,60.59,27.85,64.68,1290.84,77.23
2011-01-25 00:00:00,16.15,341.4,19.49,159.39,59.48,27.92,64.28,1291.18,77.32
2011-01-26 00:00:00,16.51,343.85,19.44,159.0,59.01,28.25,64.37,1296.63,78.28
2011-01-27 00:00:00,16.38,343.21,19.79,159.03,59.09,28.33,64.08,1299.54,78.49
2011-01-28 00:00:00,16.04,336.1,19.71,157.19,58.44,27.24,62.94,1276.34,77.62
2011-01-31 00:00:00,16.48,339.32,19.65,159.95,58.21,27.22,62.85,1286.12,79.28
2011-02-01 00:00:00,17.22,345.03,20.29,161.49,59.04,27.47,63.58,1307.59,82.45
2011-02-02 00:00:00,17.14,344.32,20.21,161.23,59.03,27.42,63.19,1304.03,81.96
2011-02-03 00:00:00,17.14,343.44,20.25,161.46,59.21,27.14,62.73,1307.1,81.99
2011-02-04 00:00:00,17.07,346.5,20.06,161.92,59.25,27.26,62.39,1310.87,81.84
2011-02-07 00:00:00,17.25,351.88,20.36,162.73,59.28,27.68,62.24,1319.05,82.47
2011-02-08 00:00:00,17.33,355.2,20.76,164.59,59.35,27.76,62.72,1324.57,81.97
2011-02-09 00:00:00,17.09,358.16,20.79,163.21,59.29,27.45,62.96,1320.88,81.55
2011-02-10 00:00:00,17.05,354.54,20.75,162.65,59.34,26.99,61.93,1321.87,82.19
2011-02-11 00:00:00,17.3,356.85,20.81,162.41,59.11,26.74,62.42,1329.15,81.81
2011-02-14 00:00:00,17.52,359.18,20.98,161.79,59.11,26.73,61.91,1332.32,83.88
2011-02-15 00:00:00,17.33,359.9,20.94,161.41,59.03,26.62,62.89,1328.01,81.96
2011-02-16 00:00:00,17.52,363.13,20.92,161.97,58.94,26.68,62.51,1336.32,82.67
2011-02-17 00:00:00,17.45,358.3,21.0,162.8,59.2,26.86,63.23,1340.43,82.86
2011-02-18 00:00:00,17.21,350.56,20.92,163.39,59.51,26.72,61.97,1343.01,83.47
2011-02-22 00:00:00,16.48,338.61,20.31,160.53,59.06,26.25,61.72,1315.44,84.4
2011-02-23 00:00:00,16.38,342.62,19.87,158.78,58.81,26.25,61.51,1307.4,86.01
2011-02-24 00:00:00,16.49,342.88,20.22,159.36,58.67,26.43,61.6,1306.1,84.92
2011-02-25 00:00:00,16.62,348.16,20.45,160.86,58.61,26.21,62.16,1319.88,84.3
2011-02-28 00:00:00,16.78,353.21,20.55,160.46,60.37,26.24,61.98,1327.22,84.49
2011-03-01 00:00:00,16.17,349.31,19.89,158.57,59.65,25.83,61.78,1306.33,83.77
2011-03-02 00:00:00,16.12,352.12,19.96,158.76,59.75,25.75,61.99,1308.44,84.05
2011-03-03 00:00:00,16.57,359.56,20.39,162.05,59.99,25.87,62.78,1330.97,84.78
2011-03-04 00:00:00,16.52,360.0,20.01,160.41,60.0,25.62,62.44,1321.15,84.05
2011-03-07 00:00:00,16.19,355.36,20.02,158.53,59.35,25.39,62.51,1310.13,83.69
2011-03-08 00:00:00,16.43,355.76,20.27,160.86,59.66,25.58,62.82,1321.82,83.57
2011-03-09 00:00:00,16.24,352.47,20.27,164.41,59.35,25.56,63.67,1320.02,83.35
2011-03-10 00:00:00,15.74,346.67,19.75,160.6,58.58,25.09,63.45,1295.11,80.39
2011-03-11 00:00:00,15.97,351.99,20.0,161.01,58.65,25.35,63.67,1304.28,81.12
2011-03-14 00:00:00,16.06,353.56,19.57,159.97,58.1,25.36,63.17,1296.39,81.38
2011-03-15 00:00:00,15.98,345.43,19.27,157.63,57.47,25.07,62.05,1281.87,80.4
2011-03-16 00:00:00,15.6,330.01,18.62,151.66,56.66,24.47,61.37,1256.88,78.35
2011-03-17 00:00:00,15.95,334.64,18.88,152.83,57.12,24.46,62.12,1273.72,80.17
2011-03-18 00:00:00,16.05,330.67,18.91,154.52,57.55,24.48,62.28,1279.21,79.87
2011-03-21 00:00:00,16.49,339.3,19.37,156.3,57.81,25.01,63.13,1298.38,81.83
2011-03-22 00:00:00,16.39,341.2,19.15,156.61,57.77,24.98,62.97,1293.77,81.56
2011-03-23 00:00:00,16.88,339.19,19.19,158.13,57.7,25.21,63.23,1297.54,81.6
2011-03-24 00:00:00,17.04,344.97,19.43,158.64,58.01,25.48,63.23,1309.66,81.72
2011-03-25 00:00:00,17.02,351.54,19.4,160.76,57.96,25.29,63.01,1313.8,82.6
2011-03-28 00:00:00,17.17,350.44,19.4,159.96,58.21,25.09,63.36,1310.19,82.45
2011-03-29 00:00:00,17.42,350.96,19.51,161.45,58.19,25.17,63.19,1319.44,82.24
2011-03-30 00:00:00,17.57,348.63,19.76,162.17,58.35,25.28,64.06,1328.26,83.46
2011-03-31 00:00:00,17.59,348.51,19.7,161.64,58.22,25.07,63.43,1325.83,83.11
2011-04-01 00:00:00,17.4,344.56,19.98,162.83,58.46,25.16,64.23,1332.41,83.65
2011-04-04 00:00:00,17.49,341.19,20.17,162.81,59.11,25.22,64.1,1332.87,83.84
2011-04-05 00:00:00,17.98,338.89,19.97,162.55,58.76,25.45,64.59,1332.63,84.38
2011-04-06 00:00:00,18.06,338.04,20.19,162.6,58.62,25.82,64.75,1335.54,84.14
2011-04-07 00:00:00,18.05,338.08,19.99,162.94,58.45,25.87,64.92,1333.51,84.72
2011-04-08 00:00:00,17.85,335.06,19.84,162.61,58.43,25.74,64.73,1328.17,84.9
2011-04-11 00:00:00,17.7,330.8,19.83,162.51,58.82,25.65,65.04,1324.46,84.12
2011-04-12 00:00:00,16.64,332.4,19.66,161.82,58.9,25.31,65.56,1314.16,82.17
2011-04-13 00:00:00,16.49,336.13,19.59,162.51,58.57,25.3,65.44,1314.41,82.15
2011-04-14 00:00:00,16.49,332.42,19.65,163.52,58.98,25.1,65.69,1314.52,82.43
2011-04-15 00:00:00,16.46,327.46,19.69,164.75,59.51,25.05,66.09,1319.68,83.26
2011-04-18 00:00:00,16.07,331.85,19.63,164.48,59.41,24.76,66.13,1305.14,82.09
2011-04-19 00:00:00,16.38,337.86,19.91,163.95,61.6,24.83,65.8,1312.62,82.78
2011-04-20 00:00:00,16.58,342.41,20.04,163.31,63.27,25.43,66.31,1330.36,84.61
2011-04-21 00:00:00,16.9,350.7,19.6,166.8,62.96,25.19,66.39,1337.38,85.31
2011-04-25 00:00:00,16.82,353.01,19.54,166.2,63.0,25.28,66.01,1335.25,85.17
2011-04-26 00:00:00,16.96,350.42,19.75,167.01,63.82,25.86,66.68,1347.24,86.36
2011-04-27 00:00:00,17.11,350.15,20.29,168.88,64.43,26.04,66.9,1355.66,86.71
2011-04-28 00:00:00,17.02,346.75,20.24,169.28,64.25,26.37,68.66,1360.48,86.28
2011-04-29 00:00:00,16.93,350.13,20.09,169.08,64.58,25.59,67.85,1363.61,86.91
2011-05-02 00:00:00,17.15,346.28,20.12,170.64,65.06,25.33,68.26,1361.22,85.91
2011-05-03 00:00:00,17.6,348.2,20.28,171.35,65.11,25.48,68.53,1356.62,84.58
2011-05-04 00:00:00,17.4,349.57,19.91,169.12,64.53,25.73,68.77,1347.32,83.78
2011-05-05 00:00:00,16.94,346.75,19.55,166.98,63.88,25.46,67.79,1335.1,81.62
2011-05-06 00:00:00,17.08,346.66,19.66,168.16,64.14,25.54,68.22,1340.2,81.68
2011-05-09 00:00:00,17.46,347.6,19.72,168.37,64.49,25.5,68.76,1346.29,82.17
2011-05-10 00:00:00,17.45,349.45,19.94,169.64,64.62,25.34,68.97,1357.16,82.33
2011-05-11 00:00:00,16.98,347.23,19.74,168.77,65.41,25.04,69.14,1342.08,80.59
2011-05-12 00:00:00,17.11,346.57,19.79,171.49,66.02,25.0,69.88,1348.65,80.52
2011-05-13 00:00:00,17.06,340.5,19.54,169.18,65.46,24.71,69.49,1337.77,80.34
2011-05-16 00:00:00,16.88,333.3,19.41,168.13,65.22,24.26,69.65,1329.47,79.71
2011-05-17 00:00:00,16.42,336.14,19.25,169.76,65.25,24.37,70.03,1328.98,79.88
2011-05-18 00:00:00,16.65,339.87,19.41,169.7,65.35,24.54,70.19,1340.68,81.2
2011-05-19 00:00:00,16.63,340.53,19.61,169.85,65.24,24.56,70.69,1343.6,81.79
2011-05-20 00:00:00,16.23,335.22,19.28,169.42,64.55,24.34,70.22,1333.27,81.03
2011-05-23 00:00:00,15.95,334.4,19.05,167.53,64.42,24.02,69.96,1317.37,80.14
2011-05-24 00:00:00,16.08,332.19,18.76,167.26,64.64,24.0,69.9,1316.28,80.76
2011-05-25 00:00:00,16.3,336.78,18.88,167.02,65.14,24.04,69.38,1320.47,81.42
2011-05-26 00:00:00,16.34,335.0,19.08,166.46,64.93,24.52,69.35,1325.69,81.85
2011-05-27 00:00:00,16.45,337.41,19.1,166.77,66.18,24.6,69.33,1331.1,82.09
2011-05-31 00:00:00,16.77,347.83,19.29,168.2,66.7,24.85,70.04,1345.2,82.92
2011-06-01 00:00:00,16.06,345.51,18.79,165.84,65.89,24.28,69.73,1314.55,81.49
2011-06-02 00:00:00,16.17,346.1,18.75,165.37,65.89,24.07,68.96,1312.94,80.8
2011-06-03 00:00:00,15.89,343.44,18.49,164.33,65.51,23.76,68.42,1300.16,80.65
2011-06-06 00:00:00,15.58,338.04,18.14,164.04,65.47,23.86,68.34,1286.17,79.76
2011-06-07 00:00:00,15.66,332.04,18.16,162.98,64.92,23.91,68.38,1284.94,79.48
2011-06-08 00:00:00,15.38,332.24,18.18,163.63,65.56,23.79,68.29,1279.56,80.23
2011-06-09 00:00:00,15.47,331.49,18.25,164.13,66.19,23.81,68.96,1289.0,80.65
2011-06-10 00:00:00,15.25,325.9,18.0,162.47,65.51,23.56,68.14,1270.98,79.26
2011-06-13 00:00:00,15.07,326.6,18.07,162.46,66.0,23.89,68.51,1271.83,78.71
2011-06-14 00:00:00,15.38,332.44,18.27,163.41,66.51,24.07,69.01,1287.87,79.85
2011-06-15 00:00:00,14.93,326.75,18.07,161.63,65.58,23.59,67.93,1265.42,78.14
2011-06-16 00:00:00,14.76,325.16,18.26,161.96,65.73,23.85,68.34,1267.64,78.7
2011-06-17 00:00:00,14.69,320.26,18.31,163.73,65.7,24.11,68.17,1271.5,78.5
2011-06-20 00:00:00,14.75,315.32,18.3,164.3,65.92,24.32,68.43,1278.36,79.19
2011-06-21 00:00:00,15.34,325.3,18.63,165.5,65.9,24.6,68.38,1295.52,80.04
2011-06-22 00:00:00,15.26,322.61,18.38,164.96,65.49,24.5,68.23,1287.14,79.3
2011-06-23 00:00:00,15.25,331.23,18.21,165.4,65.09,24.48,67.44,1283.5,77.93
2011-06-24 00:00:00,15.2,326.35,17.8,164.35,64.49,24.15,67.9,1268.45,76.28
2011-06-27 00:00:00,15.25,332.04,18.11,166.89,64.67,25.04,68.5,1280.1,77.41
2011-06-28 00:00:00,15.62,335.26,18.26,169.27,65.33,25.64,69.06,1296.67,79.11
2011-06-29 00:00:00,15.79,334.04,18.38,169.8,65.72,25.46,69.4,1307.41,79.72
2011-06-30 00:00:00,15.83,335.67,18.68,170.81,65.93,25.84,69.87,1320.64,80.85
2011-07-01 00:00:00,16.28,343.26,19.02,173.78,66.71,25.86,69.63,1339.67,81.47
2011-07-05 00:00:00,16.36,349.43,18.86,174.67,67.02,25.87,69.21,1337.88,81.06
2011-07-06 00:00:00,16.21,351.76,18.87,176.94,66.95,26.16,69.61,1339.22,81.03
2011-07-07 00:00:00,16.46,357.2,19.12,175.71,67.32,26.6,69.96,1353.22,81.82
2011-07-08 00:00:00,16.35,359.71,18.81,175.72,66.97,26.75,69.37,1343.8,81.88
2011-07-11 00:00:00,15.88,354.0,18.45,174.23,66.68,26.46,68.75,1319.49,81.36
2011-07-12 00:00:00,15.68,353.75,18.21,173.3,66.44,26.37,68.46,1313.64,81.35
2011-07-13 00:00:00,15.82,358.02,18.33,173.56,67.03,26.46,68.34,1317.72,81.94
2011-07-14 00:00:00,15.43,357.77,18.35,173.47,67.06,26.3,68.05,1308.87,81.7
2011-07-15 00:00:00,15.45,364.92,18.24,174.78,66.85,26.61,67.98,1316.14,82.46
2011-07-18 00:00:00,15.14,373.8,18.12,174.52,66.5,26.42,67.46,1305.44,82.11
2011-07-19 00:00:00,15.41,376.85,18.4,184.41,66.13,27.37,67.99,1326.73,83.08
2011-07-20 00:00:00,15.48,386.9,18.61,182.85,65.66,26.89,67.94,1325.84,82.75
2011-07-21 00:00:00,15.74,387.29,18.98,184.1,65.88,26.93,65.64,1343.8,84.46
2011-07-22 00:00:00,15.8,393.3,18.86,184.38,66.13,27.36,65.24,1345.02,84.66
2011-07-25 00:00:00,15.62,398.5,18.78,182.9,65.66,27.73,63.86,1337.43,84.02
2011-07-26 00:00:00,15.45,403.41,18.38,182.14,65.34,27.9,63.56,1331.94,83.82
2011-07-27 00:00:00,14.9,392.59,17.94,180.56,64.65,27.16,63.35,1304.89,82.76
2011-07-28 00:00:00,14.8,391.82,17.94,181.01,64.51,27.55,63.38,1300.67,80.93
2011-07-29 00:00:00,14.7,390.48,17.74,181.06,64.22,27.23,63.53,1292.28,79.27
2011-08-01 00:00:00,14.72,396.75,17.8,179.97,63.84,27.1,63.35,1286.94,79.08
2011-08-02 00:00:00,14.13,388.91,17.05,177.28,62.87,26.63,62.68,1254.05,77.33
2011-08-03 00:00:00,14.26,392.57,17.3,178.05,62.85,26.75,63.97,1260.34,77.21
2011-08-04 00:00:00,12.94,377.37,16.31,170.74,61.29,25.78,62.84,1200.07,73.36
2011-08-05 00:00:00,12.79,373.62,16.35,172.23,62.16,25.52,64.15,1199.38,74.33
2011-08-08 00:00:00,11.33,353.21,15.28,166.22,60.58,24.33,62.47,1119.46,69.73
2011-08-09 00:00:00,12.24,374.01,15.81,170.61,61.65,25.42,62.59,1172.53,71.17
2011-08-10 00:00:00,11.6,363.69,14.95,162.54,59.67,24.05,59.84,1120.76,68.03
2011-08-11 00:00:00,12.25,373.7,15.53,166.73,62.88,25.03,62.37,1172.64,71.58
2011-08-12 00:00:00,12.26,376.99,15.73,168.2,62.8,24.94,62.68,1178.81,72.0
2011-08-15 00:00:00,12.56,383.41,16.23,172.99,64.02,25.35,63.06,1204.49,74.29
2011-08-16 00:00:00,12.26,380.48,16.0,171.24,63.79,25.35,63.25,1192.76,73.5
2011-08-17 00:00:00,12.26,380.44,16.08,171.48,63.69,25.25,64.1,1193.89,74.16
2011-08-18 00:00:00,11.51,366.05,15.19,163.83,62.6,24.67,62.59,1140.65,70.94
2011-08-19 00:00:00,11.21,356.03,14.95,157.54,62.58,24.05,61.57,1123.53,69.8
2011-08-22 00:00:00,11.23,356.44,14.97,158.98,62.73,23.98,61.43,1123.82,70.18
2011-08-23 00:00:00,11.68,373.6,15.39,164.32,64.4,24.72,62.97,1162.35,73.66
2011-08-24 00:00:00,11.87,376.18,15.57,166.76,64.95,24.9,63.19,1177.6,73.54
2011-08-25 00:00:00,11.59,373.72,15.3,165.58,63.98,24.57,62.52,1159.27,71.77
2011-08-26 00:00:00,11.86,383.58,15.39,169.14,64.28,25.25,62.66,1176.8,72.64
2011-08-29 00:00:00,12.42,389.97,15.89,172.62,65.86,25.84,63.65,1210.08,74.12
2011-08-30 00:00:00,12.36,389.99,15.97,172.51,65.77,26.23,64.0,1212.92,73.91
2011-08-31 00:00:00,12.8,384.83,16.16,171.91,65.8,26.6,64.43,1218.89,74.02
2011-09-01 00:00:00,12.49,381.03,16.05,170.33,65.33,26.21,64.15,1204.42,73.49
2011-09-02 00:00:00,12.04,374.05,15.61,166.98,64.07,25.8,63.3,1173.97,72.14
2011-09-06 00:00:00,11.77,379.74,15.11,165.11,64.64,25.51,62.45,1165.24,71.15
2011-09-07 00:00:00,12.25,383.93,15.65,167.31,65.43,26.0,61.62,1198.62,73.65
2011-09-08 00:00:00,12.03,384.14,15.44,165.25,64.95,26.22,61.34,1185.9,72.82
2011-09-09 00:00:00,11.58,377.48,14.95,161.37,63.64,25.74,59.99,1154.23,71.01
2011-09-12 00:00:00,11.55,379.94,14.87,162.42,63.59,25.89,60.14,1162.27,71.84
2011-09-13 00:00:00,11.63,384.62,15.26,163.43,63.61,26.04,60.54,1172.87,71.65
2011-09-14 00:00:00,11.73,389.3,15.64,167.24,63.73,26.5,61.58,1188.68,72.64
2011-09-15 00:00:00,11.98,392.96,16.08,170.09,64.4,26.99,63.22,1209.11,74.01
2011-09-16 00:00:00,11.97,400.5,16.33,172.99,64.59,27.12,62.05,1216.01,74.55
2011-09-19 00:00:00,11.58,411.63,16.18,173.13,64.14,27.21,60.56,1204.09,73.7
2011-09-20 00:00:00,11.25,413.45,16.04,174.72,64.22,26.98,60.39,1202.09,74.01
2011-09-21 00:00:00,10.84,412.14,15.38,173.02,63.13,25.99,60.79,1166.76,71.97
2011-09-22 00:00:00,10.11,401.82,15.04,168.62,61.92,25.06,60.92,1129.56,69.24
2011-09-23 00:00:00,10.07,404.3,15.21,169.34,61.59,25.06,60.34,1136.43,69.31
2011-09-26 00:00:00,10.45,403.17,15.57,174.51,62.69,25.44,61.89,1162.95,71.72
2011-09-27 00:00:00,10.48,399.26,15.76,177.71,63.82,25.67,62.43,1175.38,72.91
2011-09-28 00:00:00,9.97,397.01,15.45,177.55,63.25,25.58,61.97,1151.06,72.07
2011-09-29 00:00:00,10.06,390.57,15.86,179.17,63.9,25.45,62.58,1160.4,73.88
2011-09-30 00:00:00,9.57,381.32,15.22,174.87,63.69,24.89,61.9,1131.42,72.63
2011-10-03 00:00:00,8.9,374.6,14.69,173.29,62.08,24.53,60.29,1099.23,71.15
2011-10-04 00:00:00,9.12,372.5,14.86,174.74,62.17,25.34,60.45,1123.95,72.83
2011-10-05 00:00:00,9.37,378.25,15.27,176.85,62.35,25.89,60.29,1144.03,73.95
2011-10-06 00:00:00,9.88,377.37,15.53,181.69,62.81,26.34,60.57,1164.97,73.89
2011-10-07 00:00:00,9.71,369.8,15.5,182.39,63.13,26.25,61.02,1155.46,73.56
2011-10-10 00:00:00,10.09,388.81,16.14,186.62,64.43,26.94,61.87,1194.89,76.28
2011-10-11 00:00:00,10.3,400.29,16.14,185.0,63.96,27.0,60.95,1195.54,76.27
2011-10-12 00:00:00,10.05,402.19,16.4,186.12,64.33,26.96,62.7,1207.25,77.16
2011-10-13 00:00:00,10.1,408.43,16.22,186.82,64.23,27.18,62.36,1203.66,76.37
2011-10-14 00:00:00,10.26,422.0,16.6,190.53,64.72,27.27,62.24,1224.58,78.11
